Sequence,scientific_name,Family1,Order1,Avibase.ID1,Total.individuals,Female,Male,Unknown,Complete.measures,Beak.Length_Culmen,Beak.Length_Nares,Beak.Width,Beak.Depth,Tarsus.Length,Wing.Length,Kipps.Distance,Secondary1,Hand-Wing.Index,Tail.Length,Mass,Mass.Source,Mass.Refs.Other,Inference,Traits.inferred,Reference.species,Habitat,Habitat.Density,Migration,Trophic.Level,Trophic.Niche,Primary.Lifestyle,Min.Latitude,Max.Latitude,Centroid.Latitude,Centroid.Longitude,Range.Size
1061.0,caprimulgus centralasicus,Caprimulgidae,Caprimulgiformes,AVIBASE-0BC7890E,1,1,0,0,1,15.3,7.0,4.7,2.6,15.2,156.0,61.0,95.0,39.1,106.0,57.51,EltonTraits_GenAvg,,NO,,,Shrubland,2,,Carnivore,Invertivore,Aerial,,,,,
1480.0,amazilia amabilis,Trochilidae,Caprimulgiformes,AVIBASE-98B261C6,22,3,14,5,6,21.3,16.4,2.0,1.9,4.3,52.3,32.8,18.3,64.2,29.2,4.3,Dunning,,NO,,,Forest,2,1.0,Herbivore,Nectarivore,Aerial,-3.98,14.18,6.51,-78.67,298612.12
1472.0,amazilia amazilia,Trochilidae,Caprimulgiformes,AVIBASE-62AFA922,5,2,3,0,4,20.7,15.9,2.9,2.0,6.5,61.8,35.2,25.3,58.1,37.6,4.3,Dunning,,NO,,,Shrubland,2,1.0,Herbivore,Nectarivore,Aerial,-15.53,1.08,-6.41,-79.11,169380.82
1493.0,amazilia bartletti,Trochilidae,Caprimulgiformes,AVIBASE-DC2C4D3F,13,2,11,0,3,24.7,19.2,2.9,2.5,4.3,55.3,33.9,21.5,61.2,31.0,4.6,DataFromSplit,,NO,,,Forest,2,1.0,Herbivore,Nectarivore,Aerial,-15.53,-5.41,-11.0,-69.0,1032986.12
1483.0,amazilia beryllina,Trochilidae,Caprimulgiformes,AVIBASE-EDCAC4EA,5,2,3,0,4,21.3,17.4,2.3,2.1,5.7,53.4,32.7,21.1,60.8,31.8,4.5,Dunning,,NO,,,Forest,2,1.0,Herbivore,Nectarivore,Aerial,13.25,30.75,19.81,-99.94,607143.11
1475.0,amazilia brevirostris,Trochilidae,Caprimulgiformes,AVIBASE-90782929,4,2,2,0,4,19.6,15.2,2.1,1.8,5.1,48.8,30.3,18.5,62.2,28.5,4.3,Dunning,,NO,,,Forest,1,1.0,Herbivore,Nectarivore,Aerial,2.71,10.84,6.43,-61.1,584285.4
1477.0,amazilia candida,Trochilidae,Caprimulgiformes,AVIBASE-D6040531,5,3,2,0,4,18.7,13.4,2.3,2.0,5.8,51.8,32.5,19.8,62.1,28.6,3.8,Dunning,,NO,,,Forest,1,1.0,Herbivore,Nectarivore,Aerial,12.3,21.86,17.27,-90.34,429525.06
1469.0,amazilia castaneiventris,Trochilidae,Caprimulgiformes,AVIBASE-73879DB0,8,2,3,3,7,21.9,18.4,1.9,1.6,5.2,52.0,31.4,20.7,60.3,30.2,5.0,Dunning,,NO,,,Forest,1,1.0,Herbivore,Nectarivore,Aerial,6.21,8.06,6.79,-73.09,4916.59
1466.0,amazilia chionogaster,Trochilidae,Caprimulgiformes,AVIBASE-18C03F5D,9,4,5,0,4,25.6,19.9,2.5,2.2,6.2,57.7,35.9,21.4,62.8,32.1,5.04,Dunning,,NO,,,Shrubland,2,1.0,Herbivore,Nectarivore,Aerial,-30.21,-5.21,-16.28,-69.48,488801.52
1506.0,amazilia chrysura,Trochilidae,Caprimulgiformes,AVIBASE-B507381B,4,3,0,1,3,22.8,19.1,2.7,2.0,4.4,51.8,31.8,19.9,61.5,30.8,4.5,Dunning,,NO,,,Forest,2,1.0,Herbivore,Nectarivore,Aerial,-35.91,-12.15,-23.13,-57.87,3128401.38
1507.0,amazilia coeruleogularis,Trochilidae,Caprimulgiformes,AVIBASE-D3D0C21B,5,2,3,0,4,21.5,16.8,2.0,2.0,5.3,47.2,30.0,16.7,64.3,33.6,4.2,Dunning,,NO,,,Shrubland,2,1.0,Herbivore,Nectarivore,Aerial,7.2,11.3,8.78,-77.93,88891.44
1497.0,amazilia cupreicauda,Trochilidae,Caprimulgiformes,AVIBASE-B6547FA5,5,2,3,0,1,19.0,15.4,2.3,2.2,3.5,49.2,31.9,17.4,64.7,27.6,3.74,DataFromSplit,,NO,,,Forest,2,1.0,Herbivore,Nectarivore,Aerial,0.85,7.26,4.73,-63.45,235892.11
1482.0,amazilia cyanocephala,Trochilidae,Caprimulgiformes,AVIBASE-822E745E,5,2,3,0,4,22.8,16.8,2.4,2.2,5.9,60.8,38.3,21.7,63.9,36.6,5.1,Dunning,,NO,,,Forest,1,1.0,Herbivore,Nectarivore,Aerial,12.65,23.77,16.4,-91.3,304040.65
1484.0,amazilia cyanura,Trochilidae,Caprimulgiformes,AVIBASE-33C0BBAE,5,2,3,0,4,21.9,16.4,2.4,1.9,6.8,53.9,33.8,19.6,63.3,30.4,3.9,Dunning,,NO,,,Woodland,2,1.0,Herbivore,Nectarivore,Aerial,9.69,15.94,13.13,-87.74,75350.44
1505.0,amazilia cyanus,Trochilidae,Caprimulgiformes,AVIBASE-8564ACE3,7,1,3,3,4,20.1,14.7,2.1,2.1,4.4,47.8,29.5,18.0,62.1,25.6,3.3,Dunning,,NO,,,Forest,1,1.0,Herbivore,Nectarivore,Aerial,-25.29,11.72,-5.71,-60.14,7031990.78
1481.0,amazilia decora,Trochilidae,Caprimulgiformes,AVIBASE-F3516A3B,14,1,13,0,4,24.8,18.9,2.1,2.6,5.1,52.3,32.6,20.4,61.6,30.8,4.7,Updated_literature,BoW,NO,,,Forest,2,1.0,Herbivore,Nectarivore,Aerial,8.03,9.79,8.9,-83.32,13144.24
1495.0,amazilia edward,Trochilidae,Caprimulgiformes,AVIBASE-A5F5E555,5,0,2,3,2,20.6,16.5,1.8,1.7,4.4,52.1,33.3,18.6,64.2,29.9,4.7,Dunning,,NO,,,Forest,2,1.0,Herbivore,Nectarivore,Aerial,7.21,9.51,8.44,-80.44,42606.22
1504.0,amazilia eliciae,Trochilidae,Caprimulgiformes,AVIBASE-1939B2C8,10,2,8,0,4,18.3,15.2,2.4,2.3,3.3,49.5,31.1,17.1,64.4,27.8,3.6,Dunning,,NO,,,Forest,2,1.0,Herbivore,Nectarivore,Aerial,7.2,18.75,13.09,-86.2,306966.67
1491.0,amazilia fimbriata,Trochilidae,Caprimulgiformes,AVIBASE-91AD1DE4,18,7,7,4,5,22.2,17.6,2.3,2.4,4.5,52.3,32.4,18.4,63.5,30.2,4.9,Dunning,,NO,,,Forest,2,1.0,Herbivore,Nectarivore,Aerial,-29.97,11.53,-6.78,-57.09,10740118.89
1509.0,amazilia goudoti,Trochilidae,Caprimulgiformes,AVIBASE-2BE9465C,5,1,0,4,4,19.6,15.5,2.2,1.6,4.5,49.4,31.0,18.2,63.0,29.8,4.0,Dunning,,NO,,,Shrubland,2,1.0,Herbivore,Nectarivore,Aerial,1.72,12.46,8.43,-73.97,299961.56
1501.0,amazilia grayi,Trochilidae,Caprimulgiformes,AVIBASE-D4920C92,9,1,6,2,4,22.1,18.3,2.6,2.0,5.4,60.5,37.6,22.2,62.9,33.4,5.6,Dunning,,NO,,,Shrubland,2,1.0,Herbivore,Nectarivore,Aerial,0.04,4.81,2.51,-76.96,39557.97
1500.0,amazilia humboldtii,Trochilidae,Caprimulgiformes,AVIBASE-8BF8D468,8,3,5,0,6,21.0,18.4,1.9,1.6,5.6,61.1,37.7,23.0,62.1,34.9,5.6,Dunning,,NO,,,Shrubland,2,1.0,Herbivore,Nectarivore,Aerial,0.79,7.54,3.97,-77.85,21280.25
1503.0,amazilia julie,Trochilidae,Caprimulgiformes,AVIBASE-F730C44E,7,2,4,1,5,16.0,12.1,1.2,1.6,4.1,43.1,13.0,30.0,30.4,26.0,3.3,Dunning,,NO,,,Forest,1,1.0,Herbivore,Nectarivore,Aerial,-4.06,11.31,6.13,-76.33,289656.61
1492.0,amazilia lactea,Trochilidae,Caprimulgiformes,AVIBASE-F22D0759,17,2,13,2,4,20.9,14.6,2.1,1.9,4.6,52.6,31.2,20.0,61.0,29.8,4.6,Dunning,,NO,,,Forest,2,1.0,Herbivore,Nectarivore,Aerial,-26.65,7.3,-16.73,-46.95,1652691.14
1473.0,amazilia leucogaster,Trochilidae,Caprimulgiformes,AVIBASE-FB0419E0,7,0,0,7,4,24.8,22.0,2.8,2.4,3.8,53.3,33.4,19.9,62.6,32.5,4.7,Dunning,,NO,,,Woodland,2,1.0,Herbivore,Nectarivore,Aerial,-19.1,10.27,-0.39,-49.16,322459.95
1508.0,amazilia lilliae,Trochilidae,Caprimulgiformes,AVIBASE-7AADCEC0,4,2,2,0,4,21.2,18.3,1.4,1.5,4.7,47.1,30.2,16.9,64.1,28.8,4.3,EltonTraits_Model,,NO,,,Forest,1,1.0,Herbivore,Nectarivore,Aerial,7.86,11.57,10.23,-75.02,2413.9
1502.0,amazilia oenone,Trochilidae,Caprimulgiformes,AVIBASE-1E1E7878,14,7,7,0,5,24.7,19.8,2.6,2.2,5.2,51.2,32.3,18.7,63.4,30.6,5.04,Dunning,,NO,,,Forest,1,1.0,Herbivore,Nectarivore,Aerial,-17.43,11.3,-4.42,-73.08,1336265.93
1494.0,amazilia rosenbergi,Trochilidae,Caprimulgiformes,AVIBASE-2F2D76A4,5,1,4,0,3,23.9,19.2,2.2,2.0,6.2,52.8,33.6,18.6,64.5,30.0,3.7,Dunning,,NO,,,Forest,1,1.0,Herbivore,Nectarivore,Aerial,0.13,6.81,3.74,-77.49,67269.18
1499.0,amazilia sapphirina,Trochilidae,Caprimulgiformes,AVIBASE-584DC7EF,4,2,2,0,4,20.5,16.1,2.1,2.1,4.7,49.5,31.8,17.7,64.2,29.5,4.4,Dunning,,NO,,,Forest,2,1.0,Herbivore,Nectarivore,Aerial,-28.13,8.41,-4.83,-59.16,3920507.06
1485.0,amazilia saucerottei,Trochilidae,Caprimulgiformes,AVIBASE-3A309CC7,59,8,24,27,4,20.8,16.4,2.7,2.2,4.9,51.7,34.2,18.3,65.1,30.6,4.5,Dunning,,NO,,,Shrubland,2,1.0,Herbivore,Nectarivore,Aerial,0.81,12.81,8.68,-77.04,245059.3
1498.0,amazilia tobaci,Trochilidae,Caprimulgiformes,AVIBASE-8FBB6521,5,0,5,0,4,21.9,16.2,2.3,2.0,6.3,52.0,33.4,18.4,64.6,29.6,4.7,Dunning,,NO,,,Forest,1,1.0,Herbivore,Nectarivore,Aerial,4.75,11.35,8.15,-65.63,434771.48
1474.0,amazilia versicolor,Trochilidae,Caprimulgiformes,AVIBASE-9CAB5D95,14,2,3,9,6,19.1,13.5,1.8,2.0,4.3,48.2,30.5,17.7,63.4,29.0,4.1,Dunning,,NO,,,Forest,1,1.0,Herbivore,Nectarivore,Aerial,-30.18,7.84,-10.93,-54.81,5113618.06
1488.0,amazilia violiceps,Trochilidae,Caprimulgiformes,AVIBASE-824C89C3,5,1,4,0,4,25.9,19.4,2.7,2.2,6.3,60.4,37.2,23.3,61.5,33.2,5.1,Dunning,,NO,,,Shrubland,2,1.0,Herbivore,Nectarivore,Aerial,17.35,32.29,23.83,-105.19,555825.08
1467.0,amazilia viridicauda,Trochilidae,Caprimulgiformes,AVIBASE-8F6E114E,5,1,3,1,4,25.3,19.7,2.4,2.0,5.0,56.4,36.0,19.8,64.5,34.8,6.1,Dunning,,NO,,,Forest,2,1.0,Herbivore,Nectarivore,Aerial,-13.37,-9.27,-11.93,-73.56,28878.13
1489.0,amazilia viridifrons,Trochilidae,Caprimulgiformes,AVIBASE-22EC3A5B,4,0,1,3,4,25.1,21.9,3.3,2.5,4.5,55.2,36.2,19.0,65.6,31.2,6.3,Dunning,,NO,,,Woodland,2,1.0,Herbivore,Nectarivore,Aerial,15.1,17.77,16.65,-95.95,76070.82
1496.0,amazilia viridigaster,Trochilidae,Caprimulgiformes,AVIBASE-2E35624C,4,0,0,4,4,21.8,16.2,2.4,1.8,4.9,52.0,32.4,19.6,62.3,31.0,3.74,Dunning,,NO,,,Forest,2,1.0,Herbivore,Nectarivore,Aerial,2.53,8.4,6.24,-72.5,42935.58
1490.0,amazilia wagneri,Trochilidae,Caprimulgiformes,AVIBASE-2D27A0AA,4,2,2,0,4,22.7,20.3,2.8,2.1,4.6,57.1,36.3,20.8,63.5,32.3,6.3,DataFromSplit,,NO,,,Woodland,2,1.0,Herbivore,Nectarivore,Aerial,15.84,16.78,16.29,-96.1,16762.3
1431.0,aphantochroa cirrochloris,Trochilidae,Caprimulgiformes,AVIBASE-881147F1,11,2,4,5,4,24.9,18.1,2.9,2.9,4.5,66.4,42.8,24.1,63.9,39.8,7.7,Dunning,,NO,,,Forest,1,1.0,Herbivore,Nectarivore,Aerial,-30.64,-6.79,-18.02,-44.18,1438300.99
1569.0,atthis ellioti,Trochilidae,Caprimulgiformes,AVIBASE-A5C2B7FB,4,2,2,0,4,14.8,11.0,1.1,1.2,4.1,34.0,22.6,11.4,66.4,19.0,2.9,Dunning,,NO,,,Forest,2,1.0,Herbivore,Nectarivore,Aerial,13.72,17.41,15.2,-90.13,94985.18
1568.0,atthis heloisa,Trochilidae,Caprimulgiformes,AVIBASE-FDB8FCFF,4,2,2,0,4,14.7,10.9,1.3,1.3,4.1,34.4,22.9,11.5,66.5,21.0,2.2,Dunning,,NO,,,Forest,2,2.0,Herbivore,Nectarivore,Aerial,15.84,27.19,20.61,-101.59,247558.03
1546.0,calliphlox bryantae,Trochilidae,Caprimulgiformes,AVIBASE-B1AABA96,4,2,2,0,4,18.8,14.2,1.3,1.5,4.0,41.6,28.2,13.4,67.7,30.0,3.3,Dunning,,NO,,,Forest,2,1.0,Herbivore,Nectarivore,Aerial,8.41,10.87,9.46,-83.41,9185.28
1547.0,calliphlox mitchellii,Trochilidae,Caprimulgiformes,AVIBASE-A6345E7E,5,2,3,0,4,17.4,13.0,1.5,1.3,3.9,35.7,23.0,12.3,65.1,26.8,3.1,Dunning,,NO,,,Forest,2,1.0,Herbivore,Nectarivore,Aerial,-4.11,7.89,3.0,-77.01,59801.22
1435.0,campylopterus curvipennis,Trochilidae,Caprimulgiformes,AVIBASE-A5502452,6,2,4,0,5,29.2,22.1,2.9,2.6,6.3,63.0,39.7,23.6,62.9,51.2,6.0,Dunning,,NO,,,Forest,1,1.0,Herbivore,Nectarivore,Aerial,14.91,23.53,18.7,-91.63,286183.47
1434.0,campylopterus cuvierii,Trochilidae,Caprimulgiformes,AVIBASE-058A126E,5,0,1,4,4,24.2,18.9,2.8,2.3,6.5,67.9,42.5,25.1,62.9,42.0,8.9,Dunning,,NO,,,Human Modified,2,1.0,Herbivore,Nectarivore,Aerial,7.21,17.0,12.57,-83.64,238479.54
1437.0,campylopterus rufus,Trochilidae,Caprimulgiformes,AVIBASE-BA9F2935,5,2,3,0,3,29.0,22.5,2.5,2.7,6.5,71.0,44.4,26.3,62.8,47.8,7.1,Dunning,,NO,,,Forest,1,1.0,Herbivore,Nectarivore,Aerial,13.31,16.5,14.6,-90.71,31219.99
1404.0,chlorostilbon auriceps,Trochilidae,Caprimulgiformes,AVIBASE-05C96F92,4,2,2,0,4,16.2,11.9,1.4,1.7,3.0,43.2,29.6,13.6,68.6,35.1,2.61,Dunning,,NO,,,Shrubland,2,1.0,Herbivore,Nectarivore,Aerial,15.65,26.21,19.6,-102.22,206600.43
1406.0,chlorostilbon canivetii,Trochilidae,Caprimulgiformes,AVIBASE-FF34508D,14,7,7,0,4,15.4,12.8,1.9,1.8,3.3,46.8,31.0,15.2,67.2,29.2,2.61,Dunning,,NO,,,Forest,2,1.0,Herbivore,Nectarivore,Aerial,9.55,23.75,16.98,-90.58,577326.32
1405.0,chlorostilbon forficatus,Trochilidae,Caprimulgiformes,AVIBASE-3737BCB9,4,2,2,0,4,16.8,12.9,1.6,1.7,4.2,47.2,33.2,14.0,70.3,37.8,2.61,Dunning,,NO,,,Forest,2,1.0,Herbivore,Nectarivore,Aerial,20.26,20.6,20.44,-86.91,488.3
1415.0,chlorostilbon maugaeus,Trochilidae,Caprimulgiformes,AVIBASE-E985A051,4,4,0,0,4,17.4,13.9,1.8,1.8,4.3,46.0,29.4,16.7,63.8,27.8,3.1,Dunning,,NO,,,Forest,1,1.0,Herbivore,Nectarivore,Aerial,17.93,18.52,18.23,-66.48,8774.42
1420.0,chlorostilbon notatus,Trochilidae,Caprimulgiformes,AVIBASE-7849DFD9,7,3,4,0,4,19.4,14.8,1.8,1.9,4.3,48.0,32.1,15.8,67.0,30.0,4.2,Dunning,,NO,,,Forest,3,1.0,Herbivore,Nectarivore,Aerial,-23.01,10.84,-1.6,-59.99,4700543.44
1413.0,chlorostilbon ricordii,Trochilidae,Caprimulgiformes,AVIBASE-1AE81F8C,5,2,3,0,4,19.5,15.7,1.8,1.8,5.2,53.0,35.5,16.5,68.3,45.0,3.2,Dunning,,NO,,,Forest,2,1.0,Herbivore,Nectarivore,Aerial,19.83,26.92,21.85,-78.94,119014.47
1414.0,chlorostilbon swainsonii,Trochilidae,Caprimulgiformes,AVIBASE-DD88EB5A,4,2,2,0,4,20.1,15.6,2.0,1.8,4.6,54.6,35.9,18.7,65.7,39.8,4.3,Dunning,,NO,,,Forest,1,1.0,Herbivore,Nectarivore,Aerial,17.61,19.95,18.91,-71.26,74117.21
1425.0,cyanophaia bicolor,Trochilidae,Caprimulgiformes,AVIBASE-3DBAC388,5,1,3,1,4,19.3,14.7,2.1,1.7,4.7,59.8,38.6,21.6,64.1,37.2,4.5,Dunning,,NO,,,Forest,1,1.0,Herbivore,Nectarivore,Aerial,14.39,15.63,14.96,-61.16,1906.02
1421.0,cynanthus sordidus,Trochilidae,Caprimulgiformes,AVIBASE-F0258298,5,2,3,0,4,23.4,18.7,2.3,1.9,4.3,56.1,36.4,19.0,65.8,32.6,4.0,Dunning,,NO,,,Shrubland,2,1.0,Herbivore,Nectarivore,Aerial,16.1,18.91,17.61,-98.55,96193.75
1450.0,elvira chionura,Trochilidae,Caprimulgiformes,AVIBASE-DE53A419,5,2,3,0,4,17.7,13.7,1.5,1.7,4.4,49.5,33.0,15.7,67.8,28.6,3.0,Dunning,,NO,,,Forest,1,1.0,Herbivore,Nectarivore,Aerial,8.35,9.75,8.92,-82.67,9597.91
1451.0,elvira cupreiceps,Trochilidae,Caprimulgiformes,AVIBASE-8C7E0086,4,2,2,0,4,16.9,12.3,1.5,1.2,4.3,45.9,30.1,15.8,65.7,24.8,3.0,Dunning,,NO,,,Forest,1,1.0,Herbivore,Nectarivore,Aerial,9.84,11.05,10.39,-84.47,5223.26
1512.0,goethalsia bella,Trochilidae,Caprimulgiformes,AVIBASE-1AA6F28B,4,0,4,0,3,20.2,16.1,2.1,2.8,5.1,51.4,33.8,17.8,65.7,33.1,3.4,Dunning,,NO,,,Forest,1,1.0,Herbivore,Nectarivore,Aerial,7.41,8.08,7.76,-77.84,1893.25
1463.0,leucippus baeri,Trochilidae,Caprimulgiformes,AVIBASE-ECDD6FE6,4,1,3,0,3,24.7,18.8,2.2,2.0,5.3,56.7,36.1,20.6,63.7,34.0,4.5,Dunning,,NO,,,Shrubland,2,1.0,Herbivore,Nectarivore,Aerial,-6.61,-3.37,-4.98,-80.52,38502.33
1465.0,leucippus chlorocercus,Trochilidae,Caprimulgiformes,AVIBASE-ACC50DCF,4,2,2,0,4,19.6,14.8,2.4,2.0,5.9,56.1,34.0,22.1,60.7,35.2,4.6,Dunning,,NO,,,Shrubland,1,1.0,Herbivore,Nectarivore,Aerial,-8.65,-0.19,-3.62,-70.16,173795.89
1464.0,leucippus taczanowskii,Trochilidae,Caprimulgiformes,AVIBASE-F09720C2,4,1,2,1,4,27.7,22.1,2.6,2.0,5.8,69.6,44.0,25.6,63.2,40.2,6.4,Dunning,,NO,,,Shrubland,2,1.0,Herbivore,Nectarivore,Aerial,-10.49,-5.02,-7.25,-78.1,86686.52
1455.0,thalurania ridgwayi,Trochilidae,Caprimulgiformes,AVIBASE-E5800BE4,4,1,3,0,4,20.8,17.4,2.8,2.3,4.8,55.8,36.5,19.2,65.5,35.8,3.8,Dunning,,NO,,,Forest,1,1.0,Herbivore,Nectarivore,Aerial,18.93,21.68,20.07,-104.6,14528.86
752.0,alopecoenas beccarii,Columbidae,Columbiformes,AVIBASE-51D9E97E,4,2,2,0,4,15.6,9.1,2.1,2.8,27.5,103.0,30.5,72.5,29.6,55.5,78.73,Dunning,,NO,,,Forest,1,1.0,Herbivore,Omnivore,Terrestrial,-10.22,-0.49,-5.34,141.95,167246.95
754.0,alopecoenas canifrons,Columbidae,Columbiformes,AVIBASE-40866A35,1,0,0,1,1,20.6,9.7,2.8,3.7,30.9,113.0,30.0,83.0,26.5,63.0,135.0,Inferred,,YES,Body Mass,Alopecoenas jobiensis,Forest,1,1.0,Herbivore,Granivore,Terrestrial,6.89,7.73,7.44,134.54,454.47
750.0,alopecoenas erythropterus,Columbidae,Columbiformes,AVIBASE-DD2985FA,4,1,3,0,4,20.7,11.1,3.6,4.3,31.6,140.5,43.2,97.2,30.8,73.5,113.18,Dunning,,NO,,,Woodland,1,1.0,Herbivore,Granivore,Terrestrial,-23.18,-14.91,-19.19,-140.86,47.85
746.0,alopecoenas hoedtii,Columbidae,Columbiformes,AVIBASE-CD21DBC9,3,1,2,0,3,18.8,8.8,3.9,4.8,27.0,148.7,42.7,106.0,28.7,102.3,135.0,Inferred,,YES,Body Mass,Alopecoenas jobiensis,Forest,1,1.0,Herbivore,Frugivore,Terrestrial,-10.37,-7.55,-9.11,125.22,27951.31
747.0,alopecoenas jobiensis,Columbidae,Columbiformes,AVIBASE-424F7705,5,0,5,0,4,18.4,9.6,3.4,4.1,26.9,144.2,49.8,94.5,34.5,86.0,135.0,Dunning,,NO,,,Forest,1,1.0,Herbivore,Omnivore,Terrestrial,-10.85,-1.47,-5.49,142.8,647409.7
753.0,alopecoenas johannae,Columbidae,Columbiformes,AVIBASE-A8329D59,4,2,2,0,4,17.2,8.3,2.7,3.7,26.1,105.4,30.4,74.9,28.9,56.6,78.73,DataFromSplit,,NO,,,Forest,1,1.0,Herbivore,Omnivore,Terrestrial,-11.85,-1.32,-6.0,153.02,71944.46
748.0,alopecoenas kubaryi,Columbidae,Columbiformes,AVIBASE-2E50E5DA,4,2,2,0,4,21.1,11.2,3.4,4.8,32.4,146.0,40.8,105.2,27.8,81.2,162.0,EltonTraits_Model,,NO,,,Forest,1,1.0,Omnivore,Omnivore,Terrestrial,6.79,7.46,6.98,156.95,426.86
751.0,alopecoenas rubescens,Columbidae,Columbiformes,AVIBASE-AA66FD08,5,2,3,0,4,17.2,9.9,2.9,3.8,28.8,120.6,32.0,88.2,26.7,65.8,60.0,Dunning,,NO,,,Shrubland,1,1.0,Herbivore,Granivore,Insessorial,-9.44,-7.9,-8.14,-140.34,9.82
755.0,alopecoenas sanctaecrucis,Columbidae,Columbiformes,AVIBASE-C7C949AE,1,0,0,1,1,20.3,9.8,3.0,3.9,23.5,126.0,35.0,91.0,27.8,65.0,171.0,Inferred,,YES,Body Mass,Alopecoenas stairi,Forest,1,1.0,Herbivore,Omnivore,Terrestrial,-15.62,-10.39,-15.2,166.79,1712.93
756.0,alopecoenas stairi,Columbidae,Columbiformes,AVIBASE-39CA325C,4,2,2,0,4,22.1,12.8,3.4,4.4,31.3,147.5,46.0,101.5,31.2,89.0,171.0,Dunning,,NO,,,Forest,3,1.0,Herbivore,Omnivore,Terrestrial,-21.12,-13.43,-16.96,114.54,21209.69
749.0,alopecoenas xanthonurus,Columbidae,Columbiformes,AVIBASE-41AF6D10,5,2,3,0,4,19.7,11.9,3.8,4.8,29.8,139.2,39.0,98.8,28.4,87.8,110.62,Dunning,,NO,,,Forest,1,1.0,Herbivore,Frugivore,Insessorial,9.44,20.54,14.09,144.56,1130.18
868.0,ducula salvadorii,Columbidae,Columbiformes,AVIBASE-32DCE1CF,4,2,2,0,4,29.4,19.0,8.1,7.2,32.0,248.9,77.8,171.2,31.2,135.3,756.0,DataFromSplit,,NO,,,Forest,2,1.0,Herbivore,Frugivore,Insessorial,-11.66,-9.2,-10.21,151.7,3359.37
890.0,ramphiculus meridionalis,Columbidae,Columbiformes,AVIBASE-E41C677F,4,2,2,0,4,22.0,10.0,4.7,4.9,28.0,166.2,44.9,121.3,27.0,132.7,177.0,DataFromSplit,,NO,,,Forest,2,1.0,Herbivore,Frugivore,Insessorial,-5.45,-5.0,-5.25,119.9,999.88
3475.0,actenoides excelsus,Alcedinidae,Coraciiformes,AVIBASE-53C44102,1,1,0,0,1,49.7,38.0,14.6,17.5,19.2,126.5,22.9,103.6,18.1,90.6,188.0,DataFromSplit,,NO,,,Forest,1,1.0,Carnivore,Invertivore,Insessorial,-9.87,-9.31,-9.69,160.14,1739.96
3473.0,actenoides regalis,Alcedinidae,Coraciiformes,AVIBASE-558D8C00,2,1,1,0,0,48.0,33.2,11.8,13.1,19.4,115.0,25.6,86.1,23.0,96.5,105.0,EltonTraits_Model,,YES,Beak Nares; Beak Width; Beak Depth; Tarsus Length; Kipp's Distance; Secondary1; Hand-Wing Index,Actenoides princeps,Forest,1,1.0,Carnivore,Invertivore,Insessorial,-4.48,-1.92,-3.11,121.53,19210.35
3522.0,clytoceyx rex,Alcedinidae,Coraciiformes,AVIBASE-CCA68E33,4,3,1,0,4,48.9,32.0,26.0,27.8,25.5,165.5,32.8,132.8,19.8,120.8,242.0,Dunning,,NO,,,Forest,1,1.0,Carnivore,Invertivore,Terrestrial,-10.73,-0.81,-5.21,141.17,340625.85
4019.0,caracara cheriway,Falconidae,Falconiformes,AVIBASE-ABF6C3C4,6,2,2,2,4,48.3,31.1,14.0,23.0,94.8,386.0,164.8,224.2,42.4,207.3,1078.62,Dunning,,NO,,,Shrubland,2,1.0,Omnivore,Omnivore,Terrestrial,-8.14,32.57,12.42,-79.66,4169053.29
4036.0,polihierax insignis,Falconidae,Falconiformes,AVIBASE-6C137D3A,5,2,3,0,4,18.5,11.2,8.6,11.3,35.6,142.0,45.2,97.2,31.8,117.8,96.99,Dunning,,NO,,,Woodland,2,1.0,Carnivore,Vertivore,Generalist,10.47,22.11,15.98,100.99,532936.57
206.0,arborophila charltonii,Phasianidae,Galliformes,AVIBASE-E9C99FD7,5,2,3,0,4,22.3,12.2,5.4,6.5,39.2,158.6,40.6,118.1,25.6,61.2,269.25,Dunning,,NO,,,Forest,1,1.0,Herbivore,Omnivore,Terrestrial,-5.21,11.67,5.4,100.76,111853.87
204.0,arborophila chloropus,Phasianidae,Galliformes,AVIBASE-139AE3CD,4,2,2,0,4,20.9,9.1,5.4,6.2,38.4,146.0,46.4,99.6,31.8,65.2,250.0,Dunning,,NO,,,Forest,1,1.0,Herbivore,Omnivore,Terrestrial,10.0,22.95,16.05,103.01,707868.12
207.0,arborophila graydoni,Phasianidae,Galliformes,AVIBASE-5DE04CDE,5,2,3,0,5,20.9,11.7,5.7,6.3,42.9,160.4,46.1,114.3,28.8,57.7,269.25,DataFromSplit,,NO,,,Forest,1,1.0,Herbivore,Omnivore,Terrestrial,4.68,5.73,5.18,117.37,8807.33
205.0,arborophila tonkinensis,Phasianidae,Galliformes,AVIBASE-C14B276F,6,2,4,0,5,20.4,9.1,4.8,6.4,39.2,145.6,43.4,102.2,29.8,56.6,269.25,DataFromSplit,,NO,,,Forest,1,1.0,Herbivore,Omnivore,Terrestrial,19.13,21.82,20.51,105.02,21966.56
353.0,bonasa bonasia,Phasianidae,Galliformes,AVIBASE-B8CA2EEB,9,4,5,0,4,21.7,11.2,9.0,9.1,35.1,169.4,55.8,113.7,33.0,117.8,429.0,Dunning,,NO,,,Woodland,1,1.0,Herbivore,Herbivore terrestrial,Generalist,38.72,69.38,58.0,86.67,15669355.23
354.0,bonasa sewerzowi,Phasianidae,Galliformes,AVIBASE-05BEE346,4,2,2,0,4,20.6,11.9,9.1,9.6,36.5,167.5,57.3,110.2,34.2,119.0,267.29,Dunning,,NO,,,Forest,2,1.0,Herbivore,Herbivore terrestrial,Terrestrial,26.5,36.15,30.83,101.34,394309.68
289.0,dendroperdix sephaena,Phasianidae,Galliformes,AVIBASE-8004C7E5,11,6,5,0,4,23.2,12.5,7.4,7.0,39.2,148.0,33.6,113.3,22.7,82.9,340.47,Dunning,,NO,,,Shrubland,2,1.0,Omnivore,Invertivore,Terrestrial,-28.93,12.14,-11.26,33.41,3350686.8
361.0,falcipennis canadensis,Phasianidae,Galliformes,AVIBASE-81881027,8,4,4,0,8,21.7,11.9,8.7,8.5,35.6,179.8,62.4,117.4,34.9,100.0,473.65,Dunning,,NO,,,Forest,1,1.0,Herbivore,Herbivore terrestrial,Terrestrial,43.39,69.51,57.51,-105.62,6032495.4
362.0,falcipennis franklinii,Phasianidae,Galliformes,AVIBASE-ED1BA351,13,5,8,0,12,22.8,10.8,7.9,8.1,36.1,179.3,66.4,113.9,36.7,117.9,473.65,DataFromSplit,,NO,,,Forest,1,1.0,Herbivore,Herbivore terrestrial,Terrestrial,43.71,64.37,56.23,-129.79,1525290.59
288.0,francolinus gularis,Phasianidae,Galliformes,AVIBASE-C5401E05,4,2,2,0,4,24.5,11.9,8.6,8.2,56.0,162.0,33.1,128.9,20.6,83.8,509.99,Dunning,,NO,,,Wetland,2,1.0,Herbivore,Omnivore,Terrestrial,25.9,29.15,27.04,87.91,183185.1
287.0,francolinus pondicerianus,Phasianidae,Galliformes,AVIBASE-B1C204EC,4,2,2,0,4,24.0,14.4,8.6,7.8,41.4,136.5,35.2,101.2,25.9,75.2,249.94,Dunning,,NO,,,Grassland,3,1.0,Herbivore,Omnivore,Terrestrial,7.63,34.06,23.43,74.67,3380901.84
291.0,peliperdix albogularis,Phasianidae,Galliformes,AVIBASE-0EA1D390,4,3,1,0,4,20.9,10.1,6.2,6.8,33.9,127.2,34.0,93.2,26.7,51.0,276.0,Dunning,,NO,,,Grassland,3,1.0,Omnivore,Omnivore,Terrestrial,-13.7,15.45,8.06,0.96,1104886.46
290.0,peliperdix coqui,Phasianidae,Galliformes,AVIBASE-ECD7C1D8,5,2,3,0,4,22.1,10.4,6.3,6.9,33.5,138.4,36.3,101.9,26.3,69.2,262.0,Dunning,,NO,,,Grassland,3,1.0,Herbivore,Omnivore,Terrestrial,-31.13,16.06,-12.3,26.79,4180135.39
292.0,peliperdix schlegelii,Phasianidae,Galliformes,AVIBASE-CE6D7D2F,5,2,3,0,4,21.3,10.4,6.6,7.2,34.5,128.4,29.3,98.7,22.8,56.8,236.58,Dunning,,NO,,,Woodland,2,1.0,Herbivore,Omnivore,Terrestrial,5.64,10.54,8.08,20.14,553212.32
1906.0,antigone antigone,Gruidae,Gruiformes,AVIBASE-8D891DB7,4,2,2,0,3,176.2,88.2,12.9,22.0,301.0,597.5,224.5,373.0,37.6,238.2,5916.22,Dunning,,NO,,,Wetland,3,2.0,Omnivore,Omnivore,Terrestrial,-20.71,32.21,15.23,94.27,1865498.59
1904.0,antigone canadensis,Gruidae,Gruiformes,AVIBASE-E196D6F9,5,2,2,1,4,122.9,67.4,10.2,15.9,216.2,477.8,210.0,270.0,43.8,175.4,4296.22,Dunning,,NO,,,Wetland,3,3.0,Omnivore,Omnivore,Terrestrial,21.44,75.64,60.34,-103.96,8593771.09
1907.0,antigone rubicunda,Gruidae,Gruiformes,AVIBASE-A4480D02,4,2,1,1,4,162.2,87.7,13.8,22.8,280.2,572.5,233.0,339.5,40.7,223.8,6222.82,Dunning,,NO,,,Wetland,3,2.0,Herbivore,Omnivore,Terrestrial,-38.86,-6.3,-22.19,140.32,3559865.45
1905.0,antigone vipio,Gruidae,Gruiformes,AVIBASE-1125F89D,4,2,1,1,4,152.2,86.0,11.6,20.8,250.2,538.2,228.8,309.5,42.5,193.2,4662.99,Dunning,,NO,,,Wetland,3,3.0,Herbivore,Omnivore,Terrestrial,43.88,51.68,48.27,121.5,748047.17
1786.0,gallirallus calayanensis,Rallidae,Gruiformes,AVIBASE-CB7F715F,1,0,0,1,1,33.1,19.9,5.0,9.7,58.1,150.0,14.9,135.1,9.9,76.2,244.0,Dunning,,NO,,,Forest,1,1.0,Carnivore,Invertivore,Terrestrial,19.29,19.35,19.32,121.47,67.91
6193.0,calamanthus cautus,Acanthizidae,Passeriformes,AVIBASE-6F9A44BC,10,4,6,0,2,15.3,8.1,2.6,3.2,22.0,54.8,5.8,48.0,10.8,53.0,15.21,Dunning,,NO,,,Shrubland,2,1.0,Carnivore,Invertivore,Terrestrial,-38.11,-29.02,-33.03,131.34,971888.94
6192.0,calamanthus pyrrhopygius,Acanthizidae,Passeriformes,AVIBASE-61C34487,10,2,6,2,2,14.6,7.2,2.9,3.8,21.6,55.1,5.0,50.0,8.9,58.0,16.8,Dunning,,NO,,,Shrubland,2,1.0,Carnivore,Invertivore,Terrestrial,-39.14,-27.56,-34.0,146.51,767767.19
6198.0,crateroscelis murina,Acanthizidae,Passeriformes,AVIBASE-C53C2B2E,10,2,8,0,4,15.3,8.0,3.7,3.6,22.4,59.3,7.6,49.0,13.4,35.3,15.0,Dunning,,NO,,,Forest,1,1.0,Carnivore,Invertivore,Terrestrial,-10.7,-0.01,-5.19,141.02,531992.39
6199.0,crateroscelis nigrorufa,Acanthizidae,Passeriformes,AVIBASE-FA91B53C,12,3,8,1,7,16.0,9.5,3.2,3.5,23.1,60.6,6.8,52.7,11.4,40.8,15.9,Updated_literature,Dunning (2021),NO,,,Forest,1,1.0,Carnivore,Invertivore,Terrestrial,-10.05,-3.04,-5.46,142.22,105189.03
6200.0,crateroscelis robusta,Acanthizidae,Passeriformes,AVIBASE-34819139,10,1,8,1,4,15.8,8.3,3.1,3.3,26.3,62.9,7.5,54.3,12.1,39.0,18.6,Dunning,,NO,,,Forest,1,1.0,Carnivore,Invertivore,Terrestrial,-10.05,-0.44,-5.15,141.6,164313.71
6206.0,sericornis arfakianus,Acanthizidae,Passeriformes,AVIBASE-52B8B755,9,2,7,0,4,12.7,6.8,2.8,3.0,18.6,53.8,6.4,45.8,12.3,38.2,8.7,Dunning,,NO,,,Forest,1,1.0,Carnivore,Invertivore,Insessorial,-10.23,-0.48,-5.28,141.88,181310.74
6201.0,sericornis citreogularis,Acanthizidae,Passeriformes,AVIBASE-D51A7B9A,13,5,7,1,4,15.5,8.1,3.3,3.2,26.3,66.8,9.9,52.2,16.0,50.1,17.6,Dunning,,NO,,,Forest,1,1.0,Carnivore,Invertivore,Terrestrial,-36.33,-14.86,-28.74,150.77,169010.51
6203.0,sericornis papuensis,Acanthizidae,Passeriformes,AVIBASE-25F21608,9,2,7,0,4,12.0,6.7,2.6,2.8,19.4,57.4,6.6,49.5,11.7,40.3,11.2,Dunning,,NO,,,Forest,1,1.0,Carnivore,Invertivore,Insessorial,-9.57,-2.33,-5.17,141.55,86586.53
6204.0,sericornis perspicillatus,Acanthizidae,Passeriformes,AVIBASE-89E5A8A0,10,2,8,0,4,13.5,8.3,2.9,3.0,21.4,56.7,7.4,53.4,12.2,40.1,9.0,Dunning,,NO,,,Forest,1,1.0,Carnivore,Invertivore,Insessorial,-10.14,-2.23,-5.26,141.81,122449.64
6205.0,sericornis rufescens,Acanthizidae,Passeriformes,AVIBASE-F4F588DC,8,2,6,0,8,11.7,6.7,2.8,2.8,18.6,52.1,7.8,44.3,14.9,39.8,8.5,Updated_literature,Dunning (2021),NO,,,Forest,1,1.0,Carnivore,Invertivore,Insessorial,-4.03,-0.52,-1.27,133.32,8367.91
6202.0,sericornis spilodera,Acanthizidae,Passeriformes,AVIBASE-B4FFDAC9,10,2,8,0,4,13.6,8.2,3.0,3.4,18.4,58.1,6.3,49.0,11.4,40.4,11.7,Dunning,,NO,,,Forest,1,1.0,Carnivore,Invertivore,Insessorial,-10.33,0.04,-5.23,141.58,283199.34
7282.0,calendulauda alopex,Alaudidae,Passeriformes,AVIBASE-CF870445,4,1,3,0,4,16.2,10.2,4.3,5.4,21.5,82.9,9.3,73.6,11.2,53.0,24.0,Updated_literature,BoW,NO,,,Grassland,2,1.0,Omnivore,Omnivore,Terrestrial,-7.94,10.89,1.52,38.64,781225.54
7296.0,mirafra ashi,Alaudidae,Passeriformes,AVIBASE-6F4F7281,2,1,0,1,2,21.2,13.1,4.2,5.2,29.8,85.5,12.9,72.6,15.0,59.5,36.8,Dunning,,NO,,,Grassland,3,1.0,Omnivore,Omnivore,Terrestrial,2.0,2.49,2.23,45.52,1696.19
7312.0,mirafra gilletti,Alaudidae,Passeriformes,AVIBASE-A3E077E6,5,2,3,0,4,16.4,10.9,4.0,4.9,20.9,84.6,16.5,68.0,19.4,63.4,22.4,Dunning,,NO,,,Shrubland,2,1.0,Omnivore,Omnivore,Terrestrial,2.42,11.26,7.3,44.61,590017.04
7311.0,mirafra rufa,Alaudidae,Passeriformes,AVIBASE-DA66F809,5,2,3,0,4,15.2,9.0,4.2,4.9,21.7,81.8,14.8,67.5,17.9,62.0,29.15,EltonTraits_GenAvg,,NO,,,Woodland,2,1.0,Omnivore,Omnivore,Terrestrial,10.75,17.24,13.49,19.13,513902.1
6503.0,edolisoma parvulum,Campephagidae,Passeriformes,AVIBASE-2E37384C,2,0,2,0,1,27.5,15.7,9.1,9.3,24.6,147.0,43.7,103.3,29.7,113.0,67.96,EltonTraits_GenAvg,,NO,,,Forest,1,1.0,Carnivore,Invertivore,Insessorial,-0.77,2.23,0.92,128.01,16787.04
9795.0,estrilda charmosyna,Estrildidae,Passeriformes,AVIBASE-50BF77FB,4,2,2,0,4,10.3,7.2,4.3,5.5,13.9,52.2,8.6,43.6,16.6,59.5,7.4,Dunning,,NO,,,Shrubland,3,1.0,Herbivore,Granivore,Generalist,-4.23,11.25,3.27,38.99,748636.98
9781.0,estrilda coerulescens,Estrildidae,Passeriformes,AVIBASE-174BFAB6,4,2,2,0,4,10.2,7.5,4.4,5.4,14.7,50.6,6.2,44.5,12.2,42.5,9.4,Dunning,,NO,,,Shrubland,2,1.0,Herbivore,Granivore,Generalist,7.33,16.23,10.85,1.33,1681468.53
9796.0,estrilda erythronotos,Estrildidae,Passeriformes,AVIBASE-842FF43C,4,2,2,0,4,9.9,7.8,4.4,5.1,14.6,52.6,9.3,43.3,17.8,61.0,9.2,Dunning,,NO,,,Shrubland,3,1.0,Herbivore,Granivore,Generalist,-30.51,11.25,-12.02,29.63,2061043.73
9782.0,estrilda perreini,Estrildidae,Passeriformes,AVIBASE-BC75EA9A,15,2,3,10,14,9.9,7.4,4.6,5.6,15.1,48.6,4.3,44.1,9.0,47.3,7.4,Dunning,,NO,,,Shrubland,2,1.0,Herbivore,Granivore,Generalist,-31.29,-2.2,-12.06,24.92,1035934.15
9783.0,estrilda thomensis,Estrildidae,Passeriformes,AVIBASE-3161DF72,3,2,1,0,3,9.6,6.7,4.4,5.0,13.9,51.6,7.4,44.2,14.4,50.3,7.6,Dunning,,NO,,,Shrubland,2,1.0,Herbivore,Granivore,Insessorial,-17.56,-9.34,-14.49,13.78,87604.65
9858.0,lonchura fuscata,Estrildidae,Passeriformes,AVIBASE-BBD0A638,4,1,2,1,4,14.1,10.2,6.7,8.2,17.7,61.8,13.9,47.8,22.6,49.1,20.7,Dunning,,NO,,,Shrubland,3,1.0,Herbivore,Granivore,Terrestrial,-10.94,-8.33,-9.28,125.07,24603.86
9859.0,lonchura oryzivora,Estrildidae,Passeriformes,AVIBASE-549BEA0C,5,2,3,0,4,15.8,11.9,8.7,10.1,18.3,68.7,15.5,53.4,22.5,50.3,24.8,Dunning,,NO,,,Human Modified,3,1.0,Herbivore,Granivore,Generalist,-8.85,-6.4,-7.57,111.44,99641.61
9807.0,nesocharis capistrata,Estrildidae,Passeriformes,AVIBASE-2AD189C1,5,2,3,0,4,10.4,7.4,5.2,6.2,15.8,55.2,6.4,47.6,11.8,44.4,11.6,Dunning,,NO,,,Woodland,2,1.0,Herbivore,Granivore,Insessorial,0.27,13.57,6.71,14.6,976089.61
9825.0,odontospiza griseicapilla,Estrildidae,Passeriformes,AVIBASE-7D6F12FE,5,2,3,0,4,11.0,8.2,6.3,8.0,15.6,59.9,12.8,47.1,21.3,46.5,15.0,Updated_literature,BoW,NO,,,Shrubland,3,1.0,Herbivore,Granivore,Terrestrial,-9.06,6.15,-1.77,36.19,430770.23
5146.0,aphrastura masafucrae,Furnariidae,Passeriformes,AVIBASE-A11DC805,8,1,1,6,4,16.1,10.2,2.6,3.3,22.2,65.8,12.7,54.4,18.9,68.9,12.2,EltonTraits_GenAvg,,NO,,,Forest,2,1.0,Carnivore,Invertivore,Insessorial,-33.79,-33.71,-33.76,-80.75,10.84
5230.0,cranioleuca baroni,Furnariidae,Passeriformes,AVIBASE-84B238D2,9,1,8,0,4,17.8,10.8,3.1,4.4,23.2,77.1,11.3,66.0,14.5,81.8,21.31,Dunning,,NO,,,Forest,2,1.0,Carnivore,Invertivore,Insessorial,-11.99,-5.47,-8.66,-77.3,104903.68
5215.0,cranioleuca sulphurifera,Furnariidae,Passeriformes,AVIBASE-562905AC,7,2,5,0,4,15.8,10.1,2.7,3.5,18.4,56.8,9.4,47.4,16.6,69.2,13.5,Dunning,,NO,,,Wetland,2,1.0,Carnivore,Invertivore,Insessorial,-41.17,-29.02,-34.34,-58.33,711047.93
5101.0,philydor erythropterum,Furnariidae,Passeriformes,AVIBASE-74802DF9,8,1,3,4,5,21.4,14.0,4.9,6.0,21.8,91.0,17.0,74.0,18.6,68.8,30.0,Dunning,,NO,,,Forest,1,1.0,Carnivore,Invertivore,Insessorial,-15.67,5.67,-6.3,-66.18,3018856.23
5102.0,philydor rufum,Furnariidae,Passeriformes,AVIBASE-A9CCA8B6,10,2,8,0,4,20.6,13.3,4.3,5.6,24.1,87.4,17.2,70.5,19.8,85.0,25.0,Dunning,,NO,,,Forest,1,1.0,Carnivore,Invertivore,Insessorial,-29.01,11.24,-18.59,-54.04,2187683.25
4869.0,hylopezus berlepschi,Grallariidae,Passeriformes,AVIBASE-B7FFE09E,29,11,16,2,4,21.4,13.1,5.6,5.9,38.3,81.2,4.9,78.5,5.8,38.2,48.0,Dunning,,NO,,,Forest,1,1.0,Carnivore,Invertivore,Terrestrial,-17.37,-1.88,-9.76,-63.32,1422657.01
4867.0,hylopezus dives,Grallariidae,Passeriformes,AVIBASE-FF02D7B1,22,3,16,3,4,20.8,12.6,5.2,5.3,36.4,75.4,5.7,73.1,7.2,34.1,44.0,Dunning,,NO,,,Forest,1,1.0,Carnivore,Invertivore,Terrestrial,1.21,15.77,9.25,-81.0,179845.91
4868.0,hylopezus fulviventris,Grallariidae,Passeriformes,AVIBASE-601048C6,39,9,28,2,4,22.0,13.0,5.4,6.0,36.1,77.3,9.8,71.4,12.3,34.2,41.0,Dunning,,NO,,,Forest,1,1.0,Carnivore,Invertivore,Terrestrial,-5.0,1.27,-2.36,-75.74,252414.72
4871.0,hylopezus nattereri,Grallariidae,Passeriformes,AVIBASE-8B1CD00B,11,1,10,0,5,18.6,10.7,4.2,4.5,38.7,76.5,7.8,68.5,10.2,36.5,32.0,Dunning,,NO,,,Forest,1,1.0,Carnivore,Invertivore,Terrestrial,-30.33,-22.03,-26.38,-51.45,493987.0
10479.0,cacicus leucoramphus,Icteridae,Passeriformes,AVIBASE-D90BA172,5,2,3,0,4,30.4,19.4,6.7,9.2,32.5,147.2,29.0,118.0,19.6,123.2,98.0,Updated_literature,Dunning (2021),NO,,,Forest,1,1.0,Omnivore,Invertivore,Insessorial,-12.27,8.22,0.66,-75.82,163604.94
10465.0,psarocolius yuracares,Icteridae,Passeriformes,AVIBASE-6DF6B219,5,2,3,0,4,68.8,42.5,12.1,17.6,51.8,238.6,54.1,175.9,23.3,169.6,335.7,DataFromSplit,,NO,,,Forest,1,1.0,Omnivore,Omnivore,Insessorial,-18.1,7.08,-6.04,-64.3,4426817.44
6883.0,corvinella corvina,Laniidae,Passeriformes,AVIBASE-E44FAD6F,11,2,9,0,4,23.1,13.0,7.9,9.8,32.3,118.3,22.6,95.4,19.2,154.5,65.4,Dunning,,NO,,,Shrubland,3,1.0,Carnivore,Invertivore,Insessorial,-0.68,17.05,10.49,6.82,3469655.34
6884.0,urolestes melanoleucus,Laniidae,Passeriformes,AVIBASE-56A7F384,11,2,9,0,4,24.4,13.9,8.2,10.0,35.4,134.6,30.9,104.0,22.9,288.7,82.2,Dunning,,NO,,,Woodland,3,1.0,Carnivore,Invertivore,Insessorial,-29.31,-1.09,-18.62,26.51,1707357.86
8400.0,chatarrhaea gularis,Leiotrichidae,Passeriformes,AVIBASE-9302DF03,5,2,3,0,4,21.4,12.9,4.0,6.1,28.7,88.2,8.1,79.9,9.1,149.6,45.5,Dunning,,NO,,,Shrubland,2,1.0,Carnivore,Invertivore,Terrestrial,15.7,25.08,20.51,95.45,216441.28
8399.0,chatarrhaea longirostris,Leiotrichidae,Passeriformes,AVIBASE-B7794D41,5,2,3,0,4,20.9,13.0,3.6,5.7,28.0,74.2,5.0,68.8,6.8,110.8,35.0,Dunning,,NO,,,Grassland,3,1.0,Carnivore,Invertivore,Terrestrial,24.84,27.71,26.26,92.19,28660.3
8463.0,garrulax albogularis,Leiotrichidae,Passeriformes,AVIBASE-D5C979A6,5,2,3,0,4,24.9,15.3,5.9,7.4,41.0,126.0,9.0,115.0,7.3,134.3,97.55,Dunning,,NO,,,Forest,1,1.0,Omnivore,Invertivore,Generalist,22.03,37.6,29.74,96.43,923133.24
8466.0,garrulax berthemyi,Leiotrichidae,Passeriformes,AVIBASE-329039A2,5,2,3,0,4,24.1,14.7,5.7,7.7,37.1,114.2,9.4,103.1,8.4,127.6,71.97,Dunning,,NO,,,Forest,1,1.0,Omnivore,Invertivore,Insessorial,23.6,32.81,27.84,110.73,745865.96
8439.0,garrulax bieti,Leiotrichidae,Passeriformes,AVIBASE-73B7590F,2,1,1,0,2,27.2,16.8,5.9,7.3,36.8,105.5,4.2,101.3,3.9,127.0,78.64,EltonTraits_GenAvg,,NO,,,Forest,1,1.0,Omnivore,Omnivore,Generalist,26.78,28.56,27.66,99.63,28399.81
8465.0,garrulax caerulatus,Leiotrichidae,Passeriformes,AVIBASE-DB7534FA,4,2,2,0,4,26.5,16.5,6.1,7.3,40.7,104.5,3.4,101.1,3.3,120.0,85.67,Dunning,,NO,,,Forest,1,1.0,Herbivore,Omnivore,Insessorial,25.05,30.45,27.31,93.77,218224.58
8474.0,garrulax calvus,Leiotrichidae,Passeriformes,AVIBASE-6497AE0D,4,2,2,0,4,26.6,15.2,5.7,8.6,37.0,119.1,9.2,110.0,7.7,112.8,78.64,EltonTraits_GenAvg,,NO,,,Forest,1,1.0,Carnivore,Invertivore,Insessorial,2.34,6.3,4.15,115.6,25342.44
8453.0,garrulax chinensis,Leiotrichidae,Passeriformes,AVIBASE-C105D142,4,2,2,0,4,26.0,16.0,5.6,8.0,39.2,113.0,6.2,106.8,5.5,117.5,88.5,Updated_literature,BoW,NO,,,Forest,2,1.0,Carnivore,Invertivore,Generalist,8.56,25.71,19.95,103.56,1442839.95
8445.0,garrulax cineraceus,Leiotrichidae,Passeriformes,AVIBASE-0C196269,5,2,2,1,4,20.2,12.8,6.0,6.7,32.6,86.3,5.7,77.7,6.8,96.1,48.95,Dunning,,NO,,,Forest,1,1.0,Carnivore,Invertivore,Terrestrial,21.38,27.67,25.17,97.65,130518.02
8446.0,garrulax cinereiceps,Leiotrichidae,Passeriformes,AVIBASE-AE0F369A,0,0,0,0,0,20.2,12.8,6.0,6.7,32.6,86.3,5.7,77.7,6.8,96.1,48.95,DataFromSplit,,YES,Beak Culmen; Beak Nares; Beak Width; Beak Depth; Tarsus Length; Wing Length; Kipp's Distance; Secondary1; Hand-Wing Index; Tail Length,Garrulax cineraceus,Forest,1,1.0,Carnivore,Invertivore,Terrestrial,22.09,35.62,28.52,110.54,2095027.15
8429.0,garrulax cinereifrons,Leiotrichidae,Passeriformes,AVIBASE-9E35E2B0,5,2,3,0,4,27.2,15.8,4.9,7.7,37.9,113.4,9.7,104.8,8.4,104.4,70.0,Dunning,,NO,,,Forest,1,1.0,Omnivore,Invertivore,Generalist,5.92,7.5,6.76,80.43,15711.51
8470.0,garrulax courtoisi,Leiotrichidae,Passeriformes,AVIBASE-8A908A7E,1,0,0,1,0,23.0,15.8,5.2,5.9,31.1,99.0,16.7,82.3,16.9,104.1,56.0,Dunning,,YES,Tail Length,Garrulax canorus,Forest,1,1.0,Carnivore,Invertivore,Generalist,29.08,29.33,29.19,,322.15
8451.0,garrulax davidi,Leiotrichidae,Passeriformes,AVIBASE-ECB9A862,5,2,3,0,4,25.4,16.3,5.4,6.1,32.6,89.2,6.6,81.0,7.5,119.0,56.2,Dunning,,NO,,,Shrubland,2,1.0,Omnivore,Invertivore,Insessorial,29.93,51.17,38.66,110.47,1085948.48
8471.0,garrulax delesserti,Leiotrichidae,Passeriformes,AVIBASE-96A465BE,5,3,2,0,4,29.0,18.1,6.2,7.2,37.3,106.7,5.8,101.3,5.4,104.0,78.0,Updated_literature,Dunning (2021),NO,,,Forest,1,1.0,Carnivore,Invertivore,Terrestrial,8.08,15.82,12.2,76.04,125058.65
8469.0,garrulax galbanus,Leiotrichidae,Passeriformes,AVIBASE-8A04ACFE,5,2,3,0,4,22.4,14.2,5.8,6.4,32.5,93.7,9.2,87.0,9.6,104.8,56.0,Dunning,,NO,,,Forest,2,1.0,Carnivore,Invertivore,Terrestrial,21.91,26.94,24.28,93.87,53198.76
8472.0,garrulax gularis,Leiotrichidae,Passeriformes,AVIBASE-BBE951A5,5,2,3,0,4,29.4,19.0,6.4,7.7,39.0,102.1,5.6,96.0,5.5,101.2,92.0,Dunning,,NO,,,Forest,1,1.0,Carnivore,Invertivore,Terrestrial,17.62,29.01,25.24,96.29,307618.65
8448.0,garrulax konkakinhensis,Leiotrichidae,Passeriformes,AVIBASE-566F8C8C,1,0,1,0,1,22.0,15.5,5.8,7.5,39.1,96.0,4.1,91.9,4.3,117.0,76.7,EltonTraits_GenAvg,,NO,,,Forest,1,1.0,Omnivore,Invertivore,Insessorial,14.15,16.55,15.34,107.61,13616.33
8462.0,garrulax koslowi,Leiotrichidae,Passeriformes,AVIBASE-CADC3FC1,2,0,2,0,2,32.5,23.2,6.6,7.6,39.6,126.0,7.9,118.1,6.2,147.0,112.5,Updated_literature,BoW,NO,,,Forest,2,1.0,Omnivore,Omnivore,Insessorial,29.28,33.29,31.66,96.8,44443.22
8460.0,garrulax lanceolatus,Leiotrichidae,Passeriformes,AVIBASE-EA1D6AB8,5,2,3,0,4,27.8,17.4,5.5,6.8,35.2,95.4,7.1,86.9,7.6,122.0,80.5,Updated_literature,BoW,NO,,,Forest,2,1.0,Omnivore,Invertivore,Generalist,20.7,35.55,27.74,106.3,1946091.1
8473.0,garrulax lugubris,Leiotrichidae,Passeriformes,AVIBASE-4B1B2550,5,2,3,0,4,29.2,16.2,6.4,9.5,35.7,121.6,12.5,109.2,10.3,120.6,78.64,EltonTraits_GenAvg,,NO,,,Forest,1,1.0,Carnivore,Invertivore,Terrestrial,-5.3,6.13,2.86,100.11,41578.04
8438.0,garrulax lunulatus,Leiotrichidae,Passeriformes,AVIBASE-82C19E11,4,2,2,0,4,28.9,19.3,6.3,7.2,39.5,105.1,7.1,98.0,6.7,125.0,82.0,Updated_literature,Dunning (2021),NO,,,Forest,2,1.0,Carnivore,Invertivore,Terrestrial,27.03,34.98,31.46,105.49,214199.97
8440.0,garrulax maximus,Leiotrichidae,Passeriformes,AVIBASE-826C6C37,5,2,3,0,4,31.1,20.7,7.0,7.8,43.9,132.8,8.7,126.6,6.4,175.5,120.5,Updated_literature,Dunning (2021),NO,,,Forest,2,1.0,Carnivore,Invertivore,Terrestrial,26.22,36.38,31.3,100.86,530133.34
8456.0,garrulax mitratus,Leiotrichidae,Passeriformes,AVIBASE-6E91359B,5,2,3,0,4,21.7,13.8,5.7,7.0,34.7,100.6,8.4,91.9,8.4,112.4,62.0,Dunning,,NO,,,Forest,1,1.0,Carnivore,Invertivore,Insessorial,-5.72,6.1,1.17,100.05,137038.7
8454.0,garrulax monachus,Leiotrichidae,Passeriformes,AVIBASE-40B0D5EB,0,0,0,0,0,26.0,16.0,5.6,8.0,39.2,113.0,6.2,106.8,5.5,117.5,88.5,DataFromSplit,,YES,Beak Culmen; Beak Nares; Beak Width; Beak Depth; Tarsus Length; Wing Length; Kipp's Distance; Secondary1; Hand-Wing Index; Tail Length,Garrulax chinensis,Forest,2,1.0,Carnivore,Invertivore,Generalist,18.16,19.49,18.89,109.58,18443.53
8452.0,garrulax nuchalis,Leiotrichidae,Passeriformes,AVIBASE-664E4CED,5,2,3,0,4,24.2,14.8,5.7,7.4,39.5,108.2,7.8,99.2,7.3,113.4,78.0,Dunning,,NO,,,Forest,2,1.0,Carnivore,Invertivore,Terrestrial,25.12,28.02,26.4,96.55,60702.13
8441.0,garrulax ocellatus,Leiotrichidae,Passeriformes,AVIBASE-7A44AD5A,5,1,3,1,4,30.1,18.1,6.2,7.5,44.9,125.2,11.8,113.2,9.6,155.3,114.0,Dunning,,NO,,,Forest,1,1.0,Omnivore,Omnivore,Insessorial,23.82,36.11,29.86,101.1,1005117.2
8458.0,garrulax pectoralis,Leiotrichidae,Passeriformes,AVIBASE-75BA8D16,5,2,3,0,4,33.1,22.1,7.4,9.3,46.2,141.6,9.8,130.2,7.0,135.5,145.12,Dunning,,NO,,,Forest,1,1.0,Carnivore,Invertivore,Terrestrial,9.26,37.04,25.36,104.47,2170571.37
8450.0,garrulax perspicillatus,Leiotrichidae,Passeriformes,AVIBASE-8FD7181A,5,2,3,0,4,28.6,18.1,6.3,8.2,41.9,123.6,10.8,112.5,8.8,147.1,117.84,Dunning,,NO,,,Shrubland,2,1.0,Carnivore,Invertivore,Terrestrial,13.17,35.95,27.75,112.99,1367037.22
8467.0,garrulax poecilorhynchus,Leiotrichidae,Passeriformes,AVIBASE-799CD8D0,5,2,3,0,4,25.9,16.0,6.3,8.0,40.5,107.6,4.0,102.7,3.8,120.8,71.97,Dunning,,NO,,,Forest,2,1.0,Omnivore,Omnivore,Insessorial,22.35,25.3,23.96,121.16,17759.37
8464.0,garrulax ruficeps,Leiotrichidae,Passeriformes,AVIBASE-C7279987,4,2,2,0,4,24.6,15.1,6.1,7.4,43.3,123.5,8.3,115.2,6.8,131.0,97.55,Dunning,,NO,,,Forest,2,1.0,Omnivore,Invertivore,Insessorial,22.42,24.85,23.8,121.11,10390.2
8468.0,garrulax ruficollis,Leiotrichidae,Passeriformes,AVIBASE-0DBAC9AF,5,2,3,0,4,23.5,14.5,5.7,7.0,35.2,97.0,7.1,90.2,7.3,106.3,66.18,Dunning,,NO,,,Shrubland,2,1.0,Omnivore,Invertivore,Generalist,21.45,28.95,25.7,94.82,296349.2
8447.0,garrulax rufogularis,Leiotrichidae,Passeriformes,AVIBASE-422037AA,5,2,3,0,4,23.0,14.4,6.2,7.0,32.6,87.8,4.7,82.0,5.4,107.6,62.8,Dunning,,NO,,,Forest,1,1.0,Omnivore,Invertivore,Insessorial,22.04,34.56,28.63,85.42,260288.24
8449.0,garrulax sannio,Leiotrichidae,Passeriformes,AVIBASE-2A59B27F,5,2,3,0,4,23.4,15.0,5.2,6.6,34.5,96.3,7.8,88.0,8.1,118.4,67.79,Dunning,,NO,,,Forest,1,1.0,Carnivore,Invertivore,Generalist,18.22,34.0,26.54,107.41,2031254.05
8444.0,garrulax sukatschewi,Leiotrichidae,Passeriformes,AVIBASE-1C31D0DE,3,1,2,0,3,22.5,15.1,5.5,6.4,40.0,100.7,6.3,94.3,6.3,133.7,67.79,Dunning,,NO,,,Forest,2,1.0,Omnivore,Omnivore,Insessorial,32.37,34.81,33.62,104.26,28519.28
8457.0,garrulax treacheri,Leiotrichidae,Passeriformes,AVIBASE-36545FD3,4,2,2,0,4,22.0,12.6,5.1,7.0,34.8,103.5,4.8,98.8,4.6,111.0,63.3,Updated_literature,Dunning (2021),NO,,,Forest,1,1.0,Carnivore,Invertivore,Insessorial,-3.75,6.68,2.22,115.03,297004.88
8455.0,garrulax vassali,Leiotrichidae,Passeriformes,AVIBASE-7EA7CEE7,5,2,3,0,4,24.6,15.0,6.0,7.1,37.9,107.1,8.5,98.8,8.0,121.0,88.5,Inferred,,YES,Body Mass,Garrulax chinensis,Forest,2,1.0,Carnivore,Invertivore,Generalist,11.34,16.69,14.15,107.64,51169.67
8461.0,garrulax waddelli,Leiotrichidae,Passeriformes,AVIBASE-B30DCDD9,4,2,2,0,4,35.5,22.8,6.8,7.2,42.4,130.0,9.3,120.7,7.2,158.2,46.0,EltonTraits_Model,,NO,,,Shrubland,2,1.0,Herbivore,Omnivore,Insessorial,28.05,30.59,29.29,91.42,59928.98
8459.0,garrulax woodi,Leiotrichidae,Passeriformes,AVIBASE-37F6EC60,1,0,1,0,1,38.8,24.1,6.8,7.6,41.9,131.5,7.1,124.4,5.4,167.5,80.5,DataFromSplit,,NO,,,Forest,2,1.0,Omnivore,Invertivore,Generalist,20.82,24.1,22.64,93.5,29209.59
8410.0,turdoides affinis,Leiotrichidae,Passeriformes,AVIBASE-A70548E8,5,2,3,0,4,20.6,11.8,4.2,6.7,33.6,103.7,12.3,93.3,11.8,100.6,63.3,Updated_literature,BoW,NO,,,Shrubland,2,1.0,Omnivore,Invertivore,Generalist,5.92,19.25,14.1,78.16,745811.26
8409.0,turdoides rufescens,Leiotrichidae,Passeriformes,AVIBASE-C4F17E29,5,2,3,0,4,22.9,12.5,4.7,7.4,32.7,96.6,7.2,88.5,7.6,115.2,64.5,Updated_literature,Dunning (2021),NO,,,Forest,2,1.0,Carnivore,Invertivore,Insessorial,5.92,7.57,6.64,80.44,12170.71
8408.0,turdoides somervillei,Leiotrichidae,Passeriformes,AVIBASE-4426187D,0,0,0,0,0,24.3,14.8,4.8,7.5,32.4,99.0,9.6,91.2,9.5,101.4,65.99,DataFromSplit,,YES,Beak Culmen; Beak Nares; Beak Width; Beak Depth; Tarsus Length; Wing Length; Kipp's Distance; Secondary1; Hand-Wing Index; Tail Length,Turdoides striata,Woodland,2,1.0,Omnivore,Omnivore,Generalist,15.45,19.36,17.87,73.49,31390.31
8407.0,turdoides striata,Leiotrichidae,Passeriformes,AVIBASE-161B2408,5,2,3,0,4,24.3,14.8,4.8,7.5,32.4,99.0,9.6,91.2,9.5,101.4,65.99,Dunning,,NO,,,Woodland,2,1.0,Omnivore,Omnivore,Generalist,8.07,35.0,22.95,78.71,3100329.03
7657.0,amphilais seebohmi,Locustellidae,Passeriformes,AVIBASE-875A131F,4,2,2,0,4,12.0,6.3,2.5,3.2,18.5,50.1,6.0,44.1,12.1,92.5,12.3,Dunning,,NO,,,Shrubland,3,1.0,Carnivore,Invertivore,Insessorial,-25.2,-12.43,-18.92,47.68,290843.73
7638.0,bradypterus alfredi,Locustellidae,Passeriformes,AVIBASE-A630DB2C,3,2,1,0,1,16.4,9.2,3.0,3.7,22.2,57.8,4.9,52.9,8.5,58.0,17.5,Dunning,,NO,,,Forest,2,1.0,Carnivore,Invertivore,Generalist,-12.27,9.67,-3.12,28.88,91453.25
7656.0,buettikoferella bivittata,Locustellidae,Passeriformes,AVIBASE-9C16D3E4,4,2,2,0,4,18.0,10.1,3.1,4.4,23.2,64.2,6.8,57.4,10.7,76.5,30.0,Updated_literature,Dunning (2021),NO,,,Forest,2,1.0,Carnivore,Invertivore,Generalist,-10.37,-8.33,-9.23,125.12,25788.08
7659.0,chaetornis striata,Locustellidae,Passeriformes,AVIBASE-F0EECB8B,5,2,3,0,4,15.2,7.8,3.7,5.1,27.3,83.0,16.1,66.1,19.4,84.6,31.5,Updated_literature,BoW,NO,,,Grassland,3,2.0,Carnivore,Invertivore,Generalist,18.92,33.58,26.04,82.08,653941.16
7601.0,locustella amnicola,Locustellidae,Passeriformes,AVIBASE-AD5B8488,0,0,0,0,0,20.5,11.6,3.2,4.3,25.5,75.5,18.4,57.1,24.4,66.0,26.1,Updated_literature,Dunning (2021),YES,Beak Culmen; Beak Nares; Beak Width; Beak Depth; Tarsus Length; Wing Length; Kipp's Distance; Secondary1; Hand-Wing Index; Tail Length,Locustella fasciolata,Shrubland,2,3.0,Carnivore,Invertivore,Insessorial,41.43,54.42,46.92,142.84,159311.77
7603.0,locustella certhiola,Locustellidae,Passeriformes,AVIBASE-4C3CF429,5,2,3,0,4,14.1,8.3,2.8,3.4,20.9,61.4,15.6,44.7,25.8,53.6,14.4,Dunning,,NO,,,Shrubland,2,3.0,Carnivore,Invertivore,Insessorial,35.7,66.07,53.41,108.49,12473259.06
7600.0,locustella fasciolata,Locustellidae,Passeriformes,AVIBASE-2F6F30EF,2,1,1,0,2,20.5,11.6,3.2,4.3,25.5,75.5,18.4,57.1,24.4,66.0,27.14,Dunning,,NO,,,Shrubland,2,3.0,Carnivore,Invertivore,Insessorial,42.81,59.1,53.4,114.97,3559627.54
7604.0,locustella ochotensis,Locustellidae,Passeriformes,AVIBASE-3200EE86,5,2,3,0,4,16.2,9.4,3.0,3.4,24.4,69.5,20.4,48.9,29.6,58.2,18.5,Dunning,,NO,,,Shrubland,3,3.0,Carnivore,Invertivore,Generalist,41.92,61.38,55.49,146.31,837155.24
7605.0,locustella pleskei,Locustellidae,Passeriformes,AVIBASE-4AADBF95,4,2,2,0,4,17.6,10.7,3.2,4.1,23.9,70.0,16.9,53.1,24.0,65.0,20.0,Updated_literature,BoW,NO,,,Wetland,3,2.0,Carnivore,Invertivore,Generalist,32.65,43.06,35.45,128.19,4130.25
7602.0,locustella pryeri,Locustellidae,Passeriformes,AVIBASE-0150666B,4,2,2,0,4,12.1,6.7,2.3,2.9,20.6,52.2,9.9,42.4,18.9,52.8,14.18,Dunning,,NO,,,Wetland,2,3.0,Carnivore,Invertivore,Insessorial,28.16,47.9,41.51,122.93,201150.62
7650.0,megalurulus grosvenori,Locustellidae,Passeriformes,AVIBASE-9B658528,1,1,0,0,1,20.0,11.5,4.3,4.5,31.4,67.5,10.0,57.5,14.8,56.6,54.0,EltonTraits_Model,,NO,,,,1,1.0,Carnivore,Invertivore,Terrestrial,-6.01,-5.11,-5.48,151.17,2381.31
7651.0,megalurulus llaneae,Locustellidae,Passeriformes,AVIBASE-62B8ED27,1,0,0,1,1,18.2,10.9,4.2,4.1,23.2,69.5,5.5,64.0,7.9,61.0,25.5,Dunning,,NO,,,Forest,1,1.0,Carnivore,Invertivore,Terrestrial,-6.32,-5.73,-6.03,155.18,814.06
7649.0,megalurulus mariae,Locustellidae,Passeriformes,AVIBASE-B67CE90E,5,2,3,0,4,18.2,9.9,3.2,4.1,24.7,69.0,9.0,58.8,13.2,93.4,25.0,Dunning,,NO,,,Shrubland,2,1.0,Carnivore,Invertivore,Terrestrial,-22.4,-20.09,-21.33,165.48,16389.77
7654.0,megalurulus rubiginosus,Locustellidae,Passeriformes,AVIBASE-AFE12556,2,2,0,0,2,19.7,10.3,3.8,4.2,28.2,71.8,5.9,65.8,8.2,75.0,41.2,Dunning,,NO,,,Forest,1,1.0,Carnivore,Invertivore,Terrestrial,-6.31,-4.14,-5.48,150.64,33761.38
7655.0,megalurulus rufus,Locustellidae,Passeriformes,AVIBASE-B211BC0D,2,0,1,1,2,19.1,9.8,4.2,3.9,30.1,73.8,7.8,66.0,10.6,77.5,26.0,EltonTraits_Model,,NO,,,Forest,1,1.0,Carnivore,Invertivore,Terrestrial,-18.28,-17.35,-17.87,178.0,8590.66
7652.0,megalurulus turipavae,Locustellidae,Passeriformes,AVIBASE-7742FBED,0,0,0,0,0,18.4,11.5,3.7,4.3,26.1,63.2,6.8,56.4,10.8,63.2,36.0,DataFromSplit,,YES,Beak Culmen; Beak Nares; Beak Width; Beak Depth; Tarsus Length; Wing Length; Kipp's Distance; Secondary1; Hand-Wing Index; Tail Length,Megalurulus whitneyi,Forest,1,1.0,Carnivore,Invertivore,Terrestrial,-9.84,-9.61,-9.72,160.16,455.93
7653.0,megalurulus whitneyi,Locustellidae,Passeriformes,AVIBASE-582FE962,4,3,1,0,4,18.4,11.5,3.7,4.3,26.1,63.2,6.8,56.4,10.8,63.2,36.0,Dunning,,NO,,,Forest,1,1.0,Carnivore,Invertivore,Terrestrial,-15.48,-14.78,-15.2,166.72,542.62
7626.0,schoenicola brevirostris,Locustellidae,Passeriformes,AVIBASE-2470FC01,4,2,2,0,4,13.1,6.8,2.8,3.6,18.6,59.1,8.9,50.2,15.1,78.0,15.7,Dunning,,NO,,,Grassland,3,1.0,Carnivore,Invertivore,Terrestrial,-32.41,10.58,-7.75,24.49,2804794.87
6153.0,melidectes fuscus,Meliphagidae,Passeriformes,AVIBASE-D7B7F99D,9,2,5,2,6,29.2,15.8,3.9,4.5,32.1,105.7,20.9,82.9,20.1,106.4,45.0,Dunning,,NO,,,Forest,1,1.0,Omnivore,Omnivore,Insessorial,-9.5,-3.36,-5.16,141.24,70507.07
6154.0,melidectes nouhuysi,Meliphagidae,Passeriformes,AVIBASE-3AD81505,4,2,2,0,4,32.0,17.4,4.6,5.8,37.9,127.8,28.9,98.9,22.7,125.0,62.26,EltonTraits_GenAvg,,NO,,,Forest,2,1.0,Herbivore,Omnivore,Insessorial,-5.04,-3.49,-4.17,138.43,9644.8
6155.0,melidectes princeps,Meliphagidae,Passeriformes,AVIBASE-957638DE,7,1,4,2,4,47.2,29.0,4.6,4.7,32.9,115.5,24.0,87.6,21.6,108.4,42.0,Dunning,,NO,,,Forest,2,,Omnivore,Omnivore,Insessorial,-6.92,-5.39,-5.83,143.88,5094.69
9966.0,anthus lutescens,Motacillidae,Passeriformes,AVIBASE-5CAA1EA8,8,2,5,1,4,13.3,8.3,3.1,3.3,19.3,60.4,3.8,56.4,6.4,45.5,12.6,Dunning,,NO,,,Shrubland,3,2.0,Carnivore,Invertivore,Terrestrial,-37.14,10.02,-17.14,-54.84,7241509.05
9067.0,bradornis boehmi,Muscicapidae,Passeriformes,AVIBASE-D5629ECA,7,2,2,3,7,13.1,7.9,3.7,4.3,18.3,79.4,15.1,64.3,19.1,52.7,19.3,Updated_live.sample,Live sample (field data),NO,,,Woodland,2,1.0,Carnivore,Invertivore,Insessorial,-16.68,-3.84,-12.25,26.18,863704.75
9068.0,bradornis fuliginosus,Muscicapidae,Passeriformes,AVIBASE-AD9EBAC2,5,2,3,0,4,10.1,5.8,3.2,3.5,11.6,81.2,19.6,60.9,24.4,49.2,17.7,Dunning,,NO,,,Forest,2,1.0,Carnivore,Invertivore,Insessorial,-11.7,7.12,-1.07,19.26,3058321.55
9069.0,bradornis ussheri,Muscicapidae,Passeriformes,AVIBASE-79993B33,5,2,3,0,4,9.8,5.8,3.9,3.5,13.9,82.6,21.3,60.4,26.0,52.2,17.84,Dunning,,NO,,,Forest,1,1.0,Carnivore,Invertivore,Insessorial,4.35,11.97,7.02,-6.98,473137.79
9214.0,cyanecula svecica,Muscicapidae,Passeriformes,AVIBASE-AFD6FD81,14,8,6,0,4,15.1,8.9,3.2,3.2,26.3,73.1,15.6,57.5,21.3,50.0,17.23,Dunning,,NO,,,Grassland,2,3.0,Carnivore,Invertivore,Generalist,31.76,71.22,58.14,79.97,19896158.85
9143.0,cyornis hoevelli,Muscicapidae,Passeriformes,AVIBASE-64C5A03E,4,2,2,0,4,17.8,10.7,6.0,4.7,19.4,86.4,19.0,67.3,21.9,65.8,20.5,Inferred,,YES,Body Mass,Niltava sumatrana,Forest,1,1.0,Carnivore,Invertivore,Insessorial,-3.87,-0.89,-2.3,120.08,17280.87
9142.0,cyornis hyacinthinus,Muscicapidae,Passeriformes,AVIBASE-DB232D5C,5,2,3,0,4,15.5,8.8,4.8,4.2,19.7,87.4,16.4,70.1,18.9,66.8,25.8,Updated_literature,Dunning (2021),NO,,,Forest,2,1.0,Carnivore,Invertivore,Insessorial,-10.94,-7.56,-9.19,125.12,32681.54
9114.0,cyornis oscillans,Muscicapidae,Passeriformes,AVIBASE-B69E7CB5,1,0,1,0,1,14.1,9.0,4.9,3.8,16.1,76.0,10.8,65.2,14.2,56.0,23.93,EltonTraits_Model,,NO,,,Forest,1,1.0,Carnivore,Invertivore,Insessorial,-9.04,-8.12,-8.63,119.53,13365.86
9144.0,cyornis sanfordi,Muscicapidae,Passeriformes,AVIBASE-A89B82E6,2,0,2,0,2,16.7,9.9,5.3,4.2,17.5,83.2,14.9,68.4,17.9,65.2,20.5,Inferred,,YES,Body Mass,Niltava sumatrana,Forest,1,1.0,Carnivore,Invertivore,Insessorial,0.08,1.5,0.68,123.77,2049.13
9115.0,cyornis stresemanni,Muscicapidae,Passeriformes,AVIBASE-B136588C,0,0,0,0,0,14.1,9.0,4.9,3.8,16.1,76.0,10.8,65.2,14.2,56.0,23.93,EltonTraits_Model,,YES,Beak Culmen; Beak Nares; Beak Width; Beak Depth; Tarsus Length; Wing Length; Kipp's Distance; Secondary1; Hand-Wing Index; Tail Length,Cyornis oscillans,Forest,1,1.0,Carnivore,Invertivore,Insessorial,-10.16,-9.48,-9.79,119.98,3270.52
9106.0,eumyias ruficrissa,Muscicapidae,Passeriformes,AVIBASE-A41FD92D,0,0,0,0,0,12.6,6.7,4.0,3.0,18.2,70.8,13.5,57.3,19.0,58.2,23.14,EltonTraits_Model,,YES,Beak Culmen; Beak Nares; Beak Width; Beak Depth; Tarsus Length; Wing Length; Kipp's Distance; Secondary1; Hand-Wing Index; Tail Length,Eumyias indigo,Forest,1,1.0,Carnivore,Invertivore,Insessorial,-5.58,6.29,1.29,106.23,218383.0
9213.0,hodgsonius phaenicuroides,Muscicapidae,Passeriformes,AVIBASE-789DEC69,5,2,3,0,4,16.9,9.6,3.3,3.5,29.2,71.0,15.9,55.1,22.4,78.6,21.1,Dunning,,NO,,,Forest,2,2.0,Omnivore,Invertivore,Generalist,22.71,42.8,31.13,97.6,1490026.61
9050.0,kittacincla albiventris,Muscicapidae,Passeriformes,AVIBASE-D5038426,4,2,2,0,4,19.2,11.4,4.1,4.7,25.7,87.2,14.7,72.6,16.7,107.0,29.23,DataFromSplit,,NO,,,Forest,1,1.0,Carnivore,Invertivore,Insessorial,10.51,13.57,12.3,92.77,5202.95
9052.0,kittacincla cebuensis,Muscicapidae,Passeriformes,AVIBASE-93B8CF8F,2,1,1,0,2,17.8,11.6,4.0,5.1,25.5,88.3,13.4,74.9,15.1,88.2,28.5,Inferred,,YES,Body Mass,Kittacincla nigra,Forest,1,1.0,Carnivore,Invertivore,Generalist,9.41,11.28,10.31,123.72,4442.73
9047.0,kittacincla luzoniensis,Muscicapidae,Passeriformes,AVIBASE-E80564C5,5,2,2,1,4,17.0,10.7,3.5,4.8,25.9,70.6,8.0,61.5,11.5,76.8,24.0,Dunning,,NO,,,Forest,1,1.0,Carnivore,Invertivore,Generalist,12.54,18.65,15.8,121.54,76143.18
9049.0,kittacincla malabarica,Muscicapidae,Passeriformes,AVIBASE-E5ABD6CB,22,5,13,4,12,20.7,12.8,4.6,5.4,27.0,95.6,16.8,78.8,17.7,121.8,29.23,Dunning,,NO,,,Forest,1,1.0,Carnivore,Invertivore,Insessorial,-8.78,30.6,13.24,98.35,4340999.43
9051.0,kittacincla nigra,Muscicapidae,Passeriformes,AVIBASE-974AE5EC,4,2,2,0,4,19.0,11.3,3.9,4.8,24.8,82.2,12.1,70.2,14.7,96.5,28.5,Dunning,,NO,,,Forest,1,1.0,Carnivore,Invertivore,Generalist,7.8,12.33,9.97,118.72,13692.99
9048.0,kittacincla superciliaris,Muscicapidae,Passeriformes,AVIBASE-CEED5ACE,0,0,0,0,0,17.0,10.7,3.5,4.8,25.9,70.6,8.0,61.5,11.5,76.8,24.0,DataFromSplit,,YES,Beak Culmen; Beak Nares; Beak Width; Beak Depth; Tarsus Length; Wing Length; Kipp's Distance; Secondary1; Hand-Wing Index; Tail Length,Kittacincla luzoniensis,Forest,1,1.0,Carnivore,Invertivore,Generalist,9.04,12.7,10.86,122.86,24642.14
9085.0,melaenornis herero,Muscicapidae,Passeriformes,AVIBASE-D17B7DA0,4,2,2,0,4,17.7,10.1,3.9,4.3,22.9,88.5,16.0,72.5,18.1,69.5,27.2,Dunning,,NO,,,Shrubland,3,1.0,Carnivore,Invertivore,Insessorial,-25.41,-16.01,-20.2,14.62,174435.57
9086.0,melaenornis semipartitus,Muscicapidae,Passeriformes,AVIBASE-AB38EDFD,5,2,3,0,4,15.9,8.5,4.5,4.2,19.8,92.2,21.4,69.1,23.7,82.8,22.5,Dunning,,NO,,,Shrubland,2,1.0,Carnivore,Invertivore,Insessorial,-5.51,14.0,5.51,31.61,662620.71
9084.0,melaenornis silens,Muscicapidae,Passeriformes,AVIBASE-FD391374,5,2,3,0,4,17.2,9.8,4.0,4.4,23.7,90.2,19.4,70.1,21.7,78.0,25.7,Dunning,,NO,,,Woodland,3,1.0,Carnivore,Invertivore,Insessorial,-34.84,-20.6,-28.41,26.5,982178.67
9155.0,oreocossypha isabellae,Muscicapidae,Passeriformes,AVIBASE-DB856F78,5,2,3,0,4,16.5,9.2,4.3,4.3,29.5,73.6,9.7,63.3,13.3,53.2,24.0,Dunning,,NO,,,Forest,1,1.0,Carnivore,Invertivore,Generalist,4.07,7.62,6.12,10.56,51494.15
9045.0,saxicoloides fulicatus,Muscicapidae,Passeriformes,AVIBASE-9006B4EF,5,0,5,0,4,14.8,9.4,3.3,3.4,25.2,72.0,5.6,66.9,7.7,68.2,16.6,Dunning,,NO,,,Shrubland,2,1.0,Carnivore,Invertivore,Terrestrial,5.92,34.58,22.66,77.31,3270463.13
9046.0,trichixos pyrropygus,Muscicapidae,Passeriformes,AVIBASE-E22B9F79,5,2,3,0,4,23.7,16.1,6.2,7.3,28.1,98.2,13.8,82.2,14.3,83.6,40.9,Dunning,,NO,,,Forest,1,1.0,Carnivore,Invertivore,Generalist,-6.17,7.1,0.86,108.54,1050012.65
7071.0,lophorina feminina,Paradisaeidae,Passeriformes,AVIBASE-0B08DF8F,2,2,0,0,2,30.4,20.0,5.5,7.6,31.0,121.0,19.2,101.8,15.9,84.5,76.66,DataFromSplit,,NO,,,Forest,1,1.0,Omnivore,Omnivore,Insessorial,,,,,
8376.0,rimator albostriatus,Pellorneidae,Passeriformes,AVIBASE-E87A913F,1,1,0,0,1,32.3,21.6,3.6,4.1,27.2,62.5,4.5,58.0,7.2,43.0,19.44,Dunning,,NO,,,Forest,1,1.0,Carnivore,Invertivore,Terrestrial,-5.03,4.54,0.3,99.93,34692.88
8373.0,rimator danjoui,Pellorneidae,Passeriformes,AVIBASE-D6493AE5,3,2,1,0,3,36.3,25.8,3.8,4.9,29.6,79.3,4.9,74.4,6.2,67.7,35.5,Updated_literature,Rappole et al. (2005),NO,,,Forest,1,1.0,Carnivore,Invertivore,Terrestrial,11.22,22.84,17.62,106.46,121958.86
8374.0,rimator malacoptilus,Pellorneidae,Passeriformes,AVIBASE-9293E8A9,5,1,0,4,4,24.5,17.4,3.0,3.7,23.4,57.6,4.4,53.6,7.5,32.0,19.44,Dunning,,NO,,,Forest,1,1.0,Carnivore,Invertivore,Terrestrial,23.73,30.01,26.96,94.83,191024.27
8372.0,rimator naungmungensis,Pellorneidae,Passeriformes,AVIBASE-10D3B698,1,1,0,0,1,39.9,29.5,3.8,5.1,29.8,78.0,3.2,74.8,4.1,58.0,35.5,Updated_literature,Rappole et al. (2005),NO,,,Forest,1,1.0,Carnivore,Invertivore,Terrestrial,27.09,27.99,27.55,97.82,4321.04
8375.0,rimator pasquieri,Pellorneidae,Passeriformes,AVIBASE-8E29E9C5,1,0,1,0,1,26.4,18.5,3.1,3.6,23.3,59.5,3.7,55.8,6.2,23.0,19.44,Dunning,,NO,,,Forest,1,1.0,Carnivore,Invertivore,Terrestrial,22.09,22.62,22.35,103.79,1832.37
8349.0,trichastoma bicolor,Pellorneidae,Passeriformes,AVIBASE-D4A0A875,13,1,3,9,4,19.3,11.6,4.8,4.8,29.6,84.3,9.1,75.0,10.8,65.2,27.2,Dunning,,NO,,,Forest,1,1.0,Carnivore,Invertivore,Terrestrial,-5.95,10.87,1.4,111.32,785296.58
8352.0,trichastoma buettikoferi,Pellorneidae,Passeriformes,AVIBASE-1DEBB8DB,4,1,3,0,4,15.8,8.7,3.8,4.0,25.6,65.8,5.9,59.9,9.0,52.0,17.1,Dunning,,NO,,,Forest,1,1.0,Carnivore,Invertivore,Terrestrial,-5.95,5.66,-0.29,101.3,377490.65
8351.0,trichastoma celebense,Pellorneidae,Passeriformes,AVIBASE-F876CBEE,130,0,2,128,4,19.6,10.1,3.7,4.0,26.4,74.8,7.6,61.9,10.9,55.1,23.6,Dunning,,NO,,,Shrubland,2,1.0,Carnivore,Invertivore,Terrestrial,-6.5,1.76,-2.17,121.2,179475.52
8347.0,trichastoma cinereiceps,Pellorneidae,Passeriformes,AVIBASE-CAA4C9CE,5,2,2,1,4,17.6,9.2,3.4,4.1,26.7,63.0,5.2,58.0,8.2,26.6,23.92,Dunning,,NO,,,Forest,1,1.0,Carnivore,Invertivore,Generalist,7.8,11.43,9.71,118.55,12143.56
8348.0,trichastoma malaccense,Pellorneidae,Passeriformes,AVIBASE-BF150AB3,11,2,3,6,4,17.5,10.3,4.1,4.3,29.5,69.0,5.0,63.6,7.4,36.0,21.4,Dunning,,NO,,,Forest,2,1.0,Carnivore,Invertivore,Generalist,-5.89,9.37,1.08,109.14,1073369.64
8353.0,trichastoma pyrrogenys,Pellorneidae,Passeriformes,AVIBASE-0CA4E55F,5,2,3,0,5,16.2,9.0,4.1,3.7,26.7,64.9,8.9,56.0,13.6,54.5,23.16,EltonTraits_GenAvg,,NO,,,Forest,1,1.0,Carnivore,Invertivore,Terrestrial,-8.76,6.51,1.19,114.45,193222.64
8350.0,trichastoma rostratum,Pellorneidae,Passeriformes,AVIBASE-F13200CB,5,2,3,0,4,18.3,10.7,3.8,3.8,23.9,70.4,8.8,60.7,12.7,46.6,21.0,Updated_literature,Dunning (2021),NO,,,Forest,2,1.0,Carnivore,Invertivore,Terrestrial,-5.05,12.79,1.32,112.22,789435.46
8354.0,trichastoma tickelli,Pellorneidae,Passeriformes,AVIBASE-F013EAF4,5,2,3,0,4,15.6,8.3,3.1,3.7,25.8,62.2,5.9,55.1,9.6,52.0,17.1,Dunning,,NO,,,Forest,1,1.0,Carnivore,Invertivore,Terrestrial,2.74,28.77,19.75,101.13,851979.33
8366.0,turdinus brevicaudatus,Pellorneidae,Passeriformes,AVIBASE-472A5B98,5,2,3,0,4,15.9,8.6,3.3,4.0,23.3,60.8,4.0,56.7,6.6,48.8,19.5,Dunning,,NO,,,Forest,1,1.0,Carnivore,Invertivore,Terrestrial,2.48,27.83,19.67,100.62,1190917.89
8365.0,turdinus calcicola,Pellorneidae,Passeriformes,AVIBASE-58C82362,0,0,0,0,0,20.7,11.7,3.9,5.2,28.3,79.8,6.9,73.9,8.5,72.4,27.0,DataFromSplit,,YES,Beak Culmen; Beak Nares; Beak Width; Beak Depth; Tarsus Length; Wing Length; Kipp's Distance; Secondary1; Hand-Wing Index; Tail Length,Turdinus crispifrons,Forest,2,1.0,Omnivore,Invertivore,Generalist,13.94,14.84,14.38,101.19,6189.39
8367.0,turdinus crassus,Pellorneidae,Passeriformes,AVIBASE-15B3568A,5,1,4,0,4,16.1,9.0,3.7,4.8,27.5,68.4,4.3,64.2,6.3,48.2,26.8,Dunning,,NO,,,Forest,1,1.0,Carnivore,Invertivore,Terrestrial,0.92,6.28,3.46,115.46,34993.36
8364.0,turdinus crispifrons,Pellorneidae,Passeriformes,AVIBASE-9C6510E2,5,2,3,0,4,20.7,11.7,3.9,5.2,28.3,79.8,6.9,73.9,8.5,72.4,27.0,Dunning,,NO,,,Forest,2,1.0,Omnivore,Invertivore,Generalist,13.36,22.44,18.55,101.42,234696.62
8361.0,turdinus rufipectus,Pellorneidae,Passeriformes,AVIBASE-3B593D10,4,2,2,0,4,21.6,12.1,3.8,5.4,31.4,90.2,5.2,85.1,5.7,74.0,37.0,EltonTraits_Model,,NO,,,Forest,1,1.0,Carnivore,Invertivore,Generalist,-5.32,5.14,0.64,99.8,73599.83
,phylloscopus emilsalimi,Phylloscopidae,Passeriformes,AVIBASE-90C6C0C9,1,0,1,0,0,24.7,6.3,3.2,3.3,23.5,68.0,6.3,46.1,12.0,41.0,10.0,Updated_live.sample,Live sample (museum data),YES,Kipp's Distance; Secondary1; Hand-Wing Index,Phylloscopus poliocephalus,,1,1.0,Carnivore,Invertivore,Insessorial,,,,,
,phylloscopus suaramerdu,Phylloscopidae,Passeriformes,AVIBASE-362F86E4,1,0,1,0,1,25.1,7.2,2.6,3.1,20.9,56.0,6.8,49.2,12.1,42.0,8.5,Updated_live.sample,Live sample (museum data),NO,,,,1,,Carnivore,Invertivore,Insessorial,,,,,
9697.0,ploceus upembae,Ploceidae,Passeriformes,AVIBASE-7904C526,0,0,0,0,0,15.0,9.7,5.4,6.9,18.7,65.2,12.8,52.4,19.6,44.5,18.5,DataFromSplit,,YES,Beak Culmen; Beak Nares; Beak Width; Beak Depth; Tarsus Length; Wing Length; Kipp's Distance; Secondary1; Hand-Wing Index; Tail Length,Ploceus katangae,Wetland,2,1.0,Herbivore,Granivore,Insessorial,-9.37,-7.7,-8.49,26.8,10991.59
9363.0,regulus calendula,Regulidae,Passeriformes,AVIBASE-B60B1166,5,2,3,0,4,10.6,6.3,2.7,2.2,18.4,58.0,12.6,44.9,22.0,42.2,6.19,Dunning,,NO,,,Forest,1,3.0,Carnivore,Invertivore,Insessorial,32.33,69.54,53.97,-108.98,9263294.84
8708.0,acridotheres tertius,Sturnidae,Passeriformes,AVIBASE-8FEC2A63,0,0,0,0,0,25.4,14.8,5.5,6.2,35.8,124.2,28.4,95.6,22.9,72.6,89.0,Inferred,,YES,Beak Culmen; Beak Nares; Beak Width; Beak Depth; Tarsus Length; Wing Length; Kipp's Distance; Secondary1; Hand-Wing Index; Tail Length; Body Mass,Acridotheres melanopterus,Grassland,3,2.0,Omnivore,Omnivore,Generalist,-8.84,-8.09,-8.16,114.54,134.74
8707.0,acridotheres tricolor,Sturnidae,Passeriformes,AVIBASE-2CE58BE1,0,0,0,0,0,25.4,14.8,5.5,6.2,35.8,124.2,28.4,95.6,22.9,72.6,89.0,Inferred,,YES,Beak Culmen; Beak Nares; Beak Width; Beak Depth; Tarsus Length; Wing Length; Kipp's Distance; Secondary1; Hand-Wing Index; Tail Length; Body Mass,Acridotheres melanopterus,Grassland,3,2.0,Omnivore,Omnivore,Generalist,-8.78,-7.75,-8.41,114.43,641.98
8734.0,poeoptera femoralis,Sturnidae,Passeriformes,AVIBASE-1350773F,7,2,5,0,4,17.0,9.2,4.7,4.5,22.7,96.4,23.8,72.0,24.7,69.4,41.0,Inferred,,YES,Body Mass,Pholia sharpii,Forest,1,2.0,Omnivore,Frugivore,Insessorial,-3.79,0.14,-1.41,37.2,5033.2
8114.0,chleuasicus atrosuperciliaris,Sylviidae,Passeriformes,AVIBASE-6818E161,4,1,3,0,4,11.8,6.8,4.6,8.4,25.0,69.5,7.1,62.4,10.2,77.9,16.8,Dunning,,NO,,,Forest,2,1.0,Omnivore,Granivore,Insessorial,16.39,28.37,24.66,96.56,204421.85
8108.0,cholornis paradoxus,Sylviidae,Passeriformes,AVIBASE-B7B36296,5,4,1,0,4,14.3,9.9,5.8,10.7,29.3,91.2,10.3,81.0,11.3,107.0,35.0,Updated_literature,BoW,NO,,,Forest,2,1.0,Omnivore,Omnivore,Insessorial,28.34,34.46,32.32,105.64,137179.65
8109.0,cholornis unicolor,Sylviidae,Passeriformes,AVIBASE-83BC3338,5,3,2,0,4,14.4,8.5,5.1,10.0,28.5,87.9,7.6,80.3,8.6,110.3,34.0,Dunning,,NO,,,Shrubland,2,1.0,Herbivore,Omnivore,Insessorial,24.3,31.1,28.03,96.26,150398.92
8107.0,conostoma aemodium,Sylviidae,Passeriformes,AVIBASE-D1065C8C,5,2,3,0,4,24.5,17.6,8.1,12.4,39.3,123.3,8.0,114.2,6.6,134.5,83.99,Dunning,,NO,,,Shrubland,2,1.0,Herbivore,Omnivore,Insessorial,24.88,36.35,29.78,99.73,747028.87
8110.0,neosuthora davidiana,Sylviidae,Passeriformes,AVIBASE-D4F1F491,5,2,3,0,4,9.1,4.8,3.7,6.3,17.7,49.3,7.2,41.6,14.8,39.6,8.5,Updated_literature,BoW,NO,,,Forest,2,1.0,Omnivore,Omnivore,Insessorial,16.39,27.98,21.9,107.12,172440.84
8083.0,parophasma galinieri,Sylviidae,Passeriformes,AVIBASE-B1400E68,5,2,3,0,4,16.1,8.1,3.9,4.5,25.6,84.8,9.6,74.9,11.3,79.5,21.5,Dunning,,NO,,,Woodland,2,1.0,Herbivore,Frugivore,Insessorial,6.1,13.5,8.81,38.65,78935.61
8104.0,psittiparus bakeri,Sylviidae,Passeriformes,AVIBASE-C89C9217,4,2,2,0,3,15.7,8.9,5.7,10.1,26.3,86.0,8.4,77.6,9.7,79.9,32.0,DataFromSplit,,NO,,,Forest,2,1.0,Omnivore,Invertivore,Insessorial,17.38,27.93,23.53,98.56,288108.31
8105.0,psittiparus gularis,Sylviidae,Passeriformes,AVIBASE-4D6EE0EA,5,2,3,0,4,13.4,8.7,5.0,9.3,24.8,86.7,10.1,75.2,11.8,84.3,29.0,Dunning,,NO,,,Shrubland,1,1.0,Herbivore,Omnivore,Insessorial,14.16,30.98,25.15,107.0,1985394.87
8106.0,psittiparus margaritae,Sylviidae,Passeriformes,AVIBASE-DBBA3A9A,1,1,0,0,1,15.3,9.6,5.6,9.2,25.0,82.0,7.3,74.7,8.9,81.0,29.0,Dunning,,NO,,,Shrubland,2,1.0,Herbivore,Omnivore,Insessorial,11.25,12.48,12.02,108.17,6360.27
8103.0,psittiparus ruficeps,Sylviidae,Passeriformes,AVIBASE-A66D4C91,1,0,1,0,1,15.1,9.3,5.4,10.5,24.3,86.0,7.7,78.3,9.0,86.0,32.0,Dunning,,NO,,,Forest,2,1.0,Omnivore,Invertivore,Insessorial,26.7,29.75,27.69,92.6,71788.74
8119.0,sinosuthora alphonsiana,Sylviidae,Passeriformes,AVIBASE-A6246EF8,4,2,2,0,4,8.6,5.3,3.3,5.9,21.0,52.2,6.7,45.5,12.8,65.9,10.5,Updated_literature,BoW,NO,,,Shrubland,2,1.0,Herbivore,Omnivore,Insessorial,20.9,31.58,26.42,104.62,185799.16
8117.0,sinosuthora brunnea,Sylviidae,Passeriformes,AVIBASE-5D7C768F,3,2,1,0,3,8.3,4.8,3.4,5.1,22.1,51.3,4.9,46.5,9.5,67.0,9.25,Updated_literature,BoW,NO,,,Shrubland,2,1.0,Omnivore,Granivore,Insessorial,21.77,28.32,25.21,98.41,125196.45
8115.0,sinosuthora conspicillata,Sylviidae,Passeriformes,AVIBASE-6D920A28,6,2,3,1,5,8.7,5.0,3.4,6.4,19.9,53.7,6.7,46.3,12.7,70.2,8.5,Updated_literature,BoW,NO,,,Forest,2,1.0,Omnivore,Omnivore,Insessorial,29.49,38.49,33.7,105.32,276903.92
8121.0,sinosuthora przewalskii,Sylviidae,Passeriformes,AVIBASE-7164CABB,0,0,0,0,0,8.7,5.0,3.4,6.4,19.9,53.7,6.7,46.3,12.7,70.2,8.5,Inferred,,YES,Beak Culmen; Beak Nares; Beak Width; Beak Depth; Tarsus Length; Wing Length; Kipp's Distance; Secondary1; Hand-Wing Index; Tail Length; Body Mass,Sinosuthora conspicillata,Forest,2,1.0,Omnivore,Omnivore,Insessorial,32.37,34.81,33.68,104.41,32728.45
8118.0,sinosuthora ricketti,Sylviidae,Passeriformes,AVIBASE-549E06B6,1,0,1,0,1,8.0,4.8,3.5,5.2,20.6,51.5,6.3,45.2,12.2,72.0,9.25,DataFromSplit,,NO,,,Shrubland,2,1.0,Omnivore,Granivore,Insessorial,25.31,30.3,28.0,102.21,98059.89
8116.0,sinosuthora webbiana,Sylviidae,Passeriformes,AVIBASE-32709919,5,2,2,1,4,9.2,5.4,3.6,5.8,19.5,50.4,7.0,43.3,13.9,59.4,10.9,Dunning,,NO,,,Shrubland,2,1.0,Herbivore,Omnivore,Insessorial,21.78,46.71,33.65,114.57,4347110.32
8120.0,sinosuthora zappeyi,Sylviidae,Passeriformes,AVIBASE-7B96A290,5,2,2,1,5,8.2,4.5,4.2,5.9,19.5,55.5,6.3,49.2,11.2,71.5,9.5,Updated_literature,BoW,NO,,,Shrubland,2,1.0,Omnivore,Invertivore,Insessorial,26.53,30.06,27.85,103.57,41291.23
8080.0,sylvia balearica,Sylviidae,Passeriformes,AVIBASE-586FA317,4,2,2,0,4,12.3,6.6,2.4,2.4,18.7,50.8,8.5,42.3,16.7,58.8,9.8,DataFromSplit,,NO,,,Shrubland,2,1.0,Carnivore,Invertivore,Insessorial,38.64,39.96,39.51,2.72,4300.52
8063.0,sylvia boehmi,Sylviidae,Passeriformes,AVIBASE-982C918E,5,2,3,0,4,11.9,6.7,3.2,3.5,19.7,64.0,9.9,53.1,15.7,64.7,14.0,EltonTraits_Model,,NO,,,Woodland,2,1.0,Omnivore,Omnivore,Insessorial,-8.99,11.18,0.19,38.45,757783.64
8068.0,sylvia buryi,Sylviidae,Passeriformes,AVIBASE-40A82395,6,2,0,4,4,18.1,9.9,3.3,3.8,24.5,67.0,7.4,59.0,11.2,71.7,22.0,Updated_literature,Dunning (2021),NO,,,Woodland,1,1.0,Carnivore,Invertivore,Insessorial,13.24,19.58,16.77,43.38,62421.27
8074.0,sylvia cantillans,Sylviidae,Passeriformes,AVIBASE-5F33823D,16,8,8,0,1,12.4,6.1,2.4,3.3,17.8,61.0,13.7,47.3,22.3,52.3,9.6,Dunning,,NO,,,Shrubland,1,3.0,Omnivore,Invertivore,Insessorial,27.36,46.12,38.35,6.21,1448615.93
8077.0,sylvia communis,Sylviidae,Passeriformes,AVIBASE-14AFBA82,21,10,11,0,4,13.6,7.0,2.8,3.3,21.3,72.6,17.6,55.1,24.2,63.3,15.1,Dunning,,NO,,,Shrubland,3,3.0,Omnivore,Invertivore,Insessorial,31.17,68.4,50.84,43.84,14124012.64
8078.0,sylvia conspicillata,Sylviidae,Passeriformes,AVIBASE-BFECF5F8,15,6,9,0,4,11.7,6.0,2.4,2.4,17.9,55.4,10.8,44.8,19.4,51.1,9.0,Dunning,,NO,,,Shrubland,2,3.0,Carnivore,Invertivore,Insessorial,14.8,44.66,35.25,1.99,1315716.19
8067.0,sylvia crassirostris,Sylviidae,Passeriformes,AVIBASE-37015E61,4,2,2,0,4,18.5,10.2,3.8,4.4,23.0,80.1,21.2,58.9,26.4,66.0,23.0,Updated_literature,Dunning (2021),NO,,,Woodland,2,3.0,Carnivore,Invertivore,Insessorial,26.75,47.78,37.47,46.71,2006028.95
8070.0,sylvia curruca,Sylviidae,Passeriformes,AVIBASE-0DCD05BE,26,9,16,1,12,12.4,6.3,2.8,3.1,19.1,65.1,14.4,50.9,22.0,56.9,11.44,Dunning,,NO,,,Shrubland,3,3.0,Omnivore,Invertivore,Insessorial,25.38,69.78,51.94,64.22,21087199.91
8059.0,sylvia deserti,Sylviidae,Passeriformes,AVIBASE-D5AEADF4,2,1,1,0,2,11.0,5.8,2.3,2.8,18.5,54.0,8.8,45.2,16.3,57.2,8.7,DataFromSplit,,NO,,,Desert,3,1.0,Carnivore,Invertivore,Insessorial,20.34,35.56,28.51,-0.55,2032681.64
8082.0,sylvia deserticola,Sylviidae,Passeriformes,AVIBASE-D1EF4402,4,2,2,0,4,11.0,6.0,2.4,2.6,18.6,53.9,8.7,45.1,16.2,54.2,8.58,Dunning,,NO,,,Shrubland,2,1.0,Carnivore,Invertivore,Insessorial,29.36,36.0,33.31,-0.38,297087.16
8066.0,sylvia hortensis,Sylviidae,Passeriformes,AVIBASE-95E7E0E5,12,2,8,2,4,17.1,9.9,3.6,4.2,24.6,79.0,18.4,60.7,23.2,68.8,21.9,Dunning,,NO,,,Woodland,2,3.0,Carnivore,Invertivore,Insessorial,27.74,47.23,37.79,0.56,1039800.12
8062.0,sylvia layardi,Sylviidae,Passeriformes,AVIBASE-697DE8A6,5,2,3,0,4,12.9,6.7,3.2,3.7,20.2,64.5,10.1,53.8,15.8,60.2,14.3,Dunning,,NO,,,Shrubland,2,1.0,Carnivore,Invertivore,Insessorial,-34.39,-18.86,-29.32,20.95,780211.28
8065.0,sylvia leucomelaena,Sylviidae,Passeriformes,AVIBASE-51DD2ADA,5,2,3,0,4,13.8,8.0,3.0,3.7,20.2,69.1,9.7,60.0,13.8,71.8,13.9,Dunning,,NO,,,Woodland,2,1.0,Carnivore,Invertivore,Insessorial,8.72,31.63,17.0,44.69,547018.24
8069.0,sylvia lugens,Sylviidae,Passeriformes,AVIBASE-16FEF081,5,2,3,0,4,13.5,7.3,3.0,3.4,19.9,63.4,8.9,55.1,13.9,60.8,14.9,Dunning,,NO,,,Woodland,2,1.0,Carnivore,Invertivore,Insessorial,-15.87,12.33,3.82,36.84,401532.97
8073.0,sylvia melanocephala,Sylviidae,Passeriformes,AVIBASE-B0D09483,23,8,15,0,10,13.7,7.3,2.9,3.0,20.4,58.7,10.5,48.0,18.0,61.3,11.7,Dunning,,NO,,,Shrubland,2,2.0,Omnivore,Invertivore,Insessorial,23.19,45.8,37.82,8.8,1781820.85
8072.0,sylvia melanothorax,Sylviidae,Passeriformes,AVIBASE-94E23F51,4,2,2,0,4,12.2,6.8,2.5,2.8,18.1,57.5,10.9,46.5,18.9,56.4,11.4,Dunning,,NO,,,Forest,2,3.0,Carnivore,Invertivore,Insessorial,34.56,35.7,35.04,33.21,7952.61
8071.0,sylvia mystacea,Sylviidae,Passeriformes,AVIBASE-AA027706,5,2,3,0,4,11.9,6.5,2.8,2.8,17.8,58.9,9.4,49.2,16.1,56.1,9.9,Dunning,,NO,,,Shrubland,2,3.0,Carnivore,Invertivore,Insessorial,29.94,47.02,39.84,56.24,1359316.78
8060.0,sylvia nana,Sylviidae,Passeriformes,AVIBASE-58F3D3E5,5,2,3,0,4,10.5,6.0,2.5,2.6,17.8,56.1,9.2,46.6,16.5,50.5,8.7,Dunning,,NO,,,Desert,3,1.0,Carnivore,Invertivore,Insessorial,33.09,50.07,42.26,77.9,4323839.88
8061.0,sylvia nisoria,Sylviidae,Passeriformes,AVIBASE-1EA60B94,13,6,7,0,4,16.4,8.9,3.7,4.3,24.0,88.3,24.0,64.4,27.2,71.7,22.5,Dunning,,NO,,,Shrubland,2,3.0,Carnivore,Invertivore,Insessorial,35.04,62.55,50.08,54.57,10133103.58
8076.0,sylvia ruppeli,Sylviidae,Passeriformes,AVIBASE-A1B09A86,10,4,6,0,4,14.6,8.4,2.8,3.1,21.0,69.0,16.0,53.0,23.1,63.6,12.84,Dunning,,NO,,,Shrubland,2,3.0,Carnivore,Invertivore,Insessorial,34.62,41.15,37.7,30.04,238081.29
8079.0,sylvia sarda,Sylviidae,Passeriformes,AVIBASE-6E1206E4,13,6,7,0,4,11.6,6.1,2.2,2.6,19.1,55.8,8.9,46.7,15.9,61.4,9.8,Dunning,,NO,,,Shrubland,2,1.0,Carnivore,Invertivore,Insessorial,36.73,43.08,40.66,9.07,33262.12
8075.0,sylvia subalpina,Sylviidae,Passeriformes,AVIBASE-1F8F851E,0,0,0,0,0,12.4,6.1,2.4,3.3,17.8,61.0,13.7,47.3,22.3,52.3,9.6,DataFromSplit,,YES,Beak Culmen; Beak Nares; Beak Width; Beak Depth; Tarsus Length; Wing Length; Kipp's Distance; Secondary1; Hand-Wing Index; Tail Length,Sylvia cantillans,Shrubland,1,3.0,Omnivore,Invertivore,Insessorial,38.87,45.4,42.49,9.4,84258.76
8064.0,sylvia subcoerulea,Sylviidae,Passeriformes,AVIBASE-C39D67AD,5,2,3,0,4,13.1,7.1,3.2,3.6,19.5,65.6,10.9,54.1,16.8,68.7,14.6,Dunning,,NO,,,Shrubland,2,1.0,Carnivore,Invertivore,Insessorial,-34.84,-11.91,-23.9,21.97,2960791.88
8081.0,sylvia undata,Sylviidae,Passeriformes,AVIBASE-85629EF4,17,5,11,1,3,13.1,6.2,2.5,2.5,18.6,53.5,7.5,46.0,14.1,63.1,10.8,Dunning,,NO,,,Shrubland,2,1.0,Carnivore,Invertivore,Insessorial,34.13,52.99,40.86,-1.12,826720.86
10984.0,conirostrum fraseri,Thraupidae,Passeriformes,AVIBASE-E2C81C39,1,1,0,0,0,12.9,7.0,2.6,3.2,17.9,59.7,9.5,50.2,15.9,52.5,8.8,DataFromSplit,,YES,Beak Nares; Beak Width; Beak Depth,Conirostrum cinereum,Shrubland,2,1.0,Omnivore,Invertivore,Insessorial,-4.06,1.61,-1.07,-78.43,45177.63
10822.0,pyrrhulagra nigra,Thraupidae,Passeriformes,AVIBASE-76018800,2,0,2,0,2,12.6,8.0,6.0,9.4,17.6,66.0,9.4,56.6,14.2,59.0,14.88,Dunning,,NO,,,Forest,1,1.0,Omnivore,Omnivore,Insessorial,19.83,23.19,21.62,-79.0,109693.02
10820.0,pyrrhulagra portoricensis,Thraupidae,Passeriformes,AVIBASE-C51A6C3B,4,1,3,0,4,16.7,10.3,6.8,10.6,22.0,82.9,10.8,72.0,13.1,69.8,32.04,Dunning,,NO,,,Forest,1,1.0,Herbivore,Omnivore,Insessorial,17.93,18.52,18.23,-66.48,8774.42
10823.0,pyrrhulagra taylori,Thraupidae,Passeriformes,AVIBASE-ABF0B698,2,2,0,0,2,13.6,8.4,6.0,10.1,18.7,69.0,12.7,56.3,18.4,59.5,14.88,DataFromSplit,,NO,,,Forest,1,1.0,Omnivore,Omnivore,Insessorial,19.26,19.4,19.32,-81.24,202.69
10821.0,pyrrhulagra violacea,Thraupidae,Passeriformes,AVIBASE-CAE909E3,5,2,3,0,4,17.2,10.5,7.8,11.6,21.5,74.4,14.2,60.0,19.1,65.2,22.17,Dunning,,NO,,,Forest,2,1.0,Herbivore,Omnivore,Insessorial,17.47,26.92,19.47,-72.59,97899.28
10879.0,ramphocelus costaricensis,Thraupidae,Passeriformes,AVIBASE-2538DA15,10,2,8,0,4,19.1,12.8,7.8,8.0,22.1,77.6,11.7,66.4,15.0,76.5,32.0,Inferred,,YES,Body Mass,Ramphocelus passerinii,Shrubland,2,1.0,Omnivore,Omnivore,Insessorial,8.03,10.13,8.93,-83.26,17833.56
8299.0,rhopocichla atriceps,Timaliidae,Passeriformes,AVIBASE-B517FCCC,5,2,3,0,4,14.5,7.8,3.2,4.0,21.1,58.6,4.2,54.5,7.2,47.8,16.3,Dunning,,NO,,,Shrubland,1,1.0,Carnivore,Invertivore,Generalist,5.92,19.72,12.74,76.41,229794.31
8868.0,geomalia heinrichi,Turdidae,Passeriformes,AVIBASE-6E50C3FA,4,2,2,0,4,28.4,17.8,6.5,9.0,45.9,111.8,14.7,97.1,13.1,140.1,73.21,EltonTraits_Model,,NO,,,Forest,1,1.0,Carnivore,Invertivore,Terrestrial,-3.66,0.94,-2.29,119.99,8733.46
8124.0,yuhina castaniceps,Zosteropidae,Passeriformes,AVIBASE-BB20B241,8,4,4,0,7,11.0,6.1,3.0,3.2,16.8,58.7,12.9,46.6,21.7,55.1,11.8,Dunning,,NO,,,Forest,2,1.0,Carnivore,Invertivore,Insessorial,12.22,28.83,23.33,95.75,495231.6
8122.0,yuhina diademata,Zosteropidae,Passeriformes,AVIBASE-ED9A5BB0,4,2,2,0,4,14.8,6.9,3.2,3.6,21.0,74.6,11.2,63.4,15.1,75.5,22.0,Updated_literature,BoW,NO,,,Forest,1,1.0,Carnivore,Invertivore,Insessorial,21.75,36.02,28.43,104.37,1124238.68
8123.0,yuhina everetti,Zosteropidae,Passeriformes,AVIBASE-EDF11415,5,2,3,0,4,11.2,6.1,3.1,3.5,16.7,60.1,10.5,49.9,17.3,58.6,12.1,Dunning,,NO,,,Forest,1,1.0,Carnivore,Invertivore,Insessorial,-3.81,6.37,1.68,114.69,183515.14
8125.0,yuhina torqueola,Zosteropidae,Passeriformes,AVIBASE-18E06178,5,2,3,0,4,11.4,6.2,3.0,3.5,18.0,63.8,16.2,47.8,25.4,59.0,11.8,Dunning,,NO,,,Forest,2,1.0,Carnivore,Invertivore,Insessorial,15.71,31.77,25.6,109.2,2186606.38
3843.0,campethera caroli,Picidae,Piciformes,AVIBASE-01C9752D,10,5,5,0,4,23.8,18.1,7.0,6.7,19.0,101.4,17.8,84.0,17.5,58.6,44.15,Dunning,,NO,,,Forest,1,1.0,Carnivore,Invertivore,Insessorial,-11.55,9.22,-0.61,17.57,3849726.47
3842.0,campethera nivosa,Picidae,Piciformes,AVIBASE-02E56D98,50,22,26,2,5,17.5,13.4,6.2,5.9,16.9,82.9,9.8,76.4,11.3,44.0,37.8,Dunning,,NO,,,Forest,1,1.0,Carnivore,Invertivore,Insessorial,-11.53,16.09,0.45,15.06,3825842.41
3813.0,dinopium rafflesii,Picidae,Piciformes,AVIBASE-FFD0A230,6,1,3,2,4,31.6,24.6,8.9,8.5,23.3,134.2,24.2,103.3,19.0,90.5,102.0,Dunning,,NO,,,Forest,1,1.0,Carnivore,Invertivore,Insessorial,-5.91,16.47,1.37,108.64,1030245.34
3778.0,picumnus fulvescens,Picidae,Piciformes,AVIBASE-27668376,6,5,1,0,3,10.2,8.7,3.7,4.2,10.3,50.2,5.6,46.0,10.8,29.0,11.32,EltonTraits_GenAvg,,NO,,,Forest,2,1.0,Carnivore,Invertivore,Insessorial,-9.86,-5.35,-7.97,-37.11,119592.59
4076.0,strigops habroptila,Strigopidae,Psittaciformes,AVIBASE-16804FAF,7,0,1,6,4,48.7,36.3,22.4,37.5,54.5,275.1,54.6,219.2,19.9,225.1,1732.05,Dunning,,NO,,,Forest,2,1.0,Herbivore,Omnivore,Generalist,-46.79,-36.17,-41.55,170.89,57.25
2797.0,glaucidium tucumanum,Strigidae,Strigiformes,AVIBASE-FD0EA914,4,2,2,0,4,14.5,9.8,8.3,10.2,20.4,95.1,17.3,77.8,18.2,65.1,57.5,Updated_literature,Friedhelm et al. (2006),NO,,,Shrubland,2,1.0,Carnivore,Invertivore,Insessorial,-32.58,-21.75,-27.2,-61.83,448119.82
2891.0,megascops colombianus,Strigidae,Strigiformes,AVIBASE-7235DAD7,2,1,0,1,1,24.5,13.0,7.0,12.7,38.0,195.5,56.7,138.9,29.0,99.1,153.0,Updated_literature,BoW,NO,,,Forest,1,1.0,Carnivore,Omnivore,Insessorial,-0.23,6.15,2.41,-77.27,13694.16
2901.0,megascops nudipes,Strigidae,Strigiformes,AVIBASE-80A077C8,5,3,1,1,5,22.5,12.0,7.9,11.4,38.4,165.6,34.6,131.0,20.9,92.4,137.34,Dunning,,NO,,,Forest,2,1.0,Carnivore,Invertivore,Insessorial,17.68,18.52,18.22,-66.39,9247.43
2760.0,ninox granti,Strigidae,Strigiformes,AVIBASE-8FB53639,4,2,2,0,4,27.0,15.9,9.5,14.6,34.7,174.9,48.0,127.0,27.4,86.0,200.81,DataFromSplit,,NO,,,Forest,1,1.0,Carnivore,Invertivore,Insessorial,-9.95,-9.24,-9.62,160.16,5477.09
2759.0,ninox jacquinoti,Strigidae,Strigiformes,AVIBASE-20687BEA,4,2,2,0,4,27.9,16.4,10.1,14.9,40.1,188.0,42.1,145.9,22.4,93.0,200.81,Dunning,,NO,,,Forest,1,1.0,Carnivore,Invertivore,Insessorial,-9.21,-5.01,-6.85,156.65,17230.73
2761.0,ninox malaitae,Strigidae,Strigiformes,AVIBASE-B901A687,1,0,1,0,1,24.7,15.1,9.5,13.6,30.3,157.0,41.5,115.5,26.4,87.5,200.81,DataFromSplit,,NO,,,Forest,1,1.0,Carnivore,Invertivore,Insessorial,-9.8,-8.32,-9.0,161.01,4355.47
2762.0,ninox roseoaxillaris,Strigidae,Strigiformes,AVIBASE-AB7D1006,1,0,1,0,1,25.5,15.3,9.6,14.3,28.0,148.2,37.6,110.6,25.4,72.1,200.81,DataFromSplit,,NO,,,Forest,1,1.0,Carnivore,Invertivore,Insessorial,-10.83,-10.14,-10.53,161.82,3331.79
2712.0,phodilus prigoginei,Tytonidae,Strigiformes,AVIBASE-07C0389D,1,1,0,0,1,27.8,11.7,6.7,12.9,36.2,190.0,29.6,160.4,15.6,102.6,195.0,Dunning,,NO,,,Forest,2,1.0,Carnivore,Vertivore,Insessorial,-4.05,-2.84,-3.39,28.91,4661.83
5.0,rhea tarapacensis,Rheidae,Struthioniformes,AVIBASE-499B75D1,1,1,0,0,0,75.6,35.0,25.1,14.6,296.0,607.0,0.4,629.1,0.1,65.0,23900.0,DataFromSplit,,YES,Kipp's Distance; Secondary1; Hand-Wing Index,Rhea pennata,Grassland,3,1.0,Herbivore,Omnivore,Terrestrial,-28.79,-16.21,-22.22,-67.75,424810.53
25.0,crypturellus occidentalis,Tinamidae,Struthioniformes,AVIBASE-8A2D8FB6,4,2,2,0,4,28.9,11.7,5.7,5.3,43.2,166.0,40.1,125.9,24.1,39.7,422.0,DataFromSplit,,NO,,,Forest,1,1.0,Herbivore,Omnivore,Terrestrial,17.1,25.41,20.85,-104.72,49818.85
2303.0,nannopterum auritus,Phalacrocoracidae,Suliformes,AVIBASE-3AC46C54,4,0,3,1,4,68.2,49.8,12.0,17.0,64.2,311.8,126.8,185.0,40.8,154.2,1806.49,Dunning,,NO,,,Marine,3,2.0,Carnivore,Aquatic predator,Aquatic,17.27,62.43,46.01,-102.5,4311610.21
2304.0,nannopterum brasilianus,Phalacrocoracidae,Suliformes,AVIBASE-56036504,10,4,5,1,2,62.6,44.6,11.9,14.9,48.7,275.4,91.8,191.7,32.4,187.2,1239.29,Dunning,,NO,,,Wetland,3,1.0,Carnivore,Aquatic predator,Generalist,-55.98,34.12,-11.18,-65.4,18288655.94
