"r","g","b"
255,254,255
106,120,59
128,150,65
116,144,60
95,110,48
121,149,62
83,57,23
71,59,43
150,132,71
115,132,62
116,135,55
80,85,52
162,179,69
248,249,240
105,124,69
156,180,66
173,51,35
254,254,254
140,168,64
132,150,77
255,255,253
125,144,60
254,254,252
128,139,80
146,176,64
255,254,253
103,112,69
254,255,254
255,254,254
109,131,58
130,159,66
124,139,75
103,89,52
214,207,67
164,179,65
255,253,255
106,126,56
150,167,74
139,165,67
255,254,255
160,186,83
253,253,252
117,134,66
115,143,58
104,128,41
43,45,26
51,47,30
184,184,57
99,112,60
224,226,209
131,153,69
102,121,59
142,168,68
88,104,40
112,144,61
183,192,137
130,151,67
129,149,62
75,73,61
221,203,59
48,48,40
116,141,57
155,181,73
137,163,58
117,141,50
53,52,39
254,255,255
223,206,64
116,133,73
103,119,63
137,168,64
188,174,61
147,176,66
140,163,63
137,151,72
253,253,250
123,141,58
135,165,68
124,148,61
121,118,112
114,138,53
88,95,62
102,111,63
49,48,35
226,216,67
254,254,251
255,254,255
151,180,70
114,110,55
125,154,68
130,144,69
93,102,59
255,255,254
120,148,63
159,184,75
255,253,254
54,49,35
63,61,47
112,133,54
124,120,84
151,181,68
108,122,65
225,196,56
126,147,62
112,132,62
136,163,65
123,146,58
118,140,69
113,134,57
253,252,254
121,143,54
61,53,42
95,110,49
255,254,252
97,110,59
147,173,68
76,79,49
63,73,54
255,254,254
254,254,252
139,157,65
133,156,69
255,255,253
132,150,63
126,141,75
185,173,61
136,157,61
255,255,254
232,237,221
115,140,60
113,133,59
255,255,248
102,118,58
234,234,229
160,185,80
160,167,64
116,134,59
103,121,50
109,131,57
255,255,251
255,254,254
90,107,40
168,152,60
252,254,253
149,174,74
210,198,68
255,255,254
127,156,63
122,138,75
182,184,65
209,185,39
103,116,53
81,95,37
116,148,59
130,155,63
127,144,67
118,147,53
101,122,54
157,162,64
146,169,67
125,154,61
135,159,65
97,108,67
132,153,63
126,149,59
254,252,253
83,75,56
63,73,40
254,254,253
129,151,52
44,41,27
137,159,72
140,168,64
139,167,63
115,143,58
133,158,57
73,85,44
138,148,102
254,255,254
115,131,62
217,204,65
115,138,56
129,164,66
117,138,65
144,169,69
176,177,55
139,168,78
111,143,64
104,125,59
253,254,253
252,251,253
251,251,246
76,79,48
115,138,65
120,139,58
112,134,62
195,188,70
54,57,37
116,139,56
148,175,65
152,150,64
42,41,29
114,142,51
117,135,44
254,253,246
121,150,64
78,95,44
136,160,59
138,161,61
137,162,61
37,38,31
253,254,248
117,140,58
114,134,51
126,151,61
136,162,63
100,120,60
131,156,65
191,167,52
88,67,52
109,120,50
255,254,255
176,183,160
75,60,37
133,156,64
142,163,70
124,147,63
254,255,255
114,138,54
64,73,47
83,106,42
254,255,255
115,127,69
113,131,59
251,251,246
127,143,63
128,145,58
141,173,68
128,159,71
204,95,78
155,181,80
237,238,218
255,255,252
125,141,72
104,137,57
139,169,66
77,76,63
236,206,60
105,124,56
226,206,54
225,220,72
133,155,61
254,255,254
131,164,64
50,44,34
153,171,62
115,135,45
129,136,62
136,165,57
107,123,57
133,163,62
145,171,68
97,111,58
254,254,254
115,132,60
255,254,254
131,147,69
103,123,59
139,162,72
253,252,249
101,116,62
51,51,35
127,157,64
126,132,66
132,159,72
179,185,67
116,140,52
135,166,64
132,154,67
120,142,58
118,140,61
112,132,45
120,154,63
127,150,61
252,253,248
211,196,69
121,145,61
78,88,46
115,133,60
187,176,54
214,194,48
253,253,253
254,252,253
172,161,59
97,118,52
84,100,43
109,120,85
114,136,51
109,129,57
153,158,100
185,58,44
254,254,253
118,140,58
156,183,86
253,253,253
123,142,61
124,141,75
112,141,57
142,169,62
159,171,68
148,171,70
253,253,253
254,252,254
138,168,66
103,125,62
168,58,25
115,139,56
118,141,61
127,146,65
254,254,254
117,150,59
141,166,74
115,135,58
126,142,62
87,101,47
125,150,62
126,144,52
146,174,70
117,140,56
83,99,54
202,190,60
213,222,197
131,157,61
125,148,59
123,150,62
147,178,68
103,117,61
128,157,66
73,74,53
122,134,65
148,169,64
183,51,37
125,149,62
127,152,57
155,181,67
254,254,253
124,151,63
176,164,67
35,25,10
137,77,40
84,94,44
116,138,55
148,172,68
116,129,61
101,119,59
124,143,69
154,167,71
113,100,61
115,134,58
121,149,63
113,136,58
157,159,132
253,253,252
114,141,68
86,79,58
45,45,36
117,132,59
156,184,80
254,254,246
140,154,85
143,168,63
119,137,59
111,136,55
187,52,39
154,146,66
145,177,69
187,193,153
127,147,59
252,252,252
124,149,57
253,253,254
142,169,63
124,139,66
135,160,65
137,164,64
105,118,64
100,111,40
59,52,41
132,161,55
196,204,66
120,146,57
98,113,54
254,254,254
124,150,61
252,251,253
153,141,65
114,139,70
112,131,56
144,170,64
73,87,41
64,57,43
129,136,95
170,187,78
107,125,59
81,66,43
150,182,64
114,132,54
99,112,57
132,154,67
122,143,58
136,163,66
122,151,60
133,158,57
135,158,62
128,148,67
61,73,31
150,165,68
79,69,42
213,195,50
175,178,80
51,62,28
109,130,63
153,182,67
55,53,36
125,149,67
173,178,157
78,89,45
187,111,52
252,253,236
107,127,57
125,148,53
140,174,62
100,123,41
253,253,249
133,163,62
139,161,60
37,38,30
183,164,55
93,75,40
63,66,39
128,151,61
254,255,254
134,158,65
140,161,65
215,193,55
87,106,52
156,182,82
113,105,91
142,169,62
252,252,245
134,153,62
255,255,254
125,51,27
144,173,56
136,148,73
114,141,73
113,137,59
42,45,32
222,195,48
130,157,56
130,148,78
120,149,53
114,132,58
151,174,61
163,171,65
253,254,254
75,70,56
117,140,60
97,112,50
255,255,254
102,123,55
130,161,64
147,174,65
171,174,50
155,168,66
165,184,120
254,254,253
253,253,253
134,120,94
254,254,255
131,151,65
90,106,32
145,177,65
149,172,71
142,170,64
255,255,254
234,208,57
163,194,105
206,216,190
144,175,70
104,111,57
223,209,64
190,186,65
168,175,60
118,154,59
102,118,60
114,106,55
107,124,55
139,164,76
142,176,64
110,125,54
253,254,250
122,145,62
47,41,29
182,186,65
129,155,56
111,146,59
113,144,62
117,148,61
140,161,64
147,173,71
147,163,68
130,159,70
116,145,65
254,254,254
59,69,36
151,181,67
149,162,59
241,215,55
255,255,254
159,169,73
119,138,56
207,176,65
255,255,254
255,254,255
142,122,62
143,172,65
135,163,68
107,123,61
139,169,61
103,119,59
69,63,51
129,156,62
254,255,253
188,193,65
150,174,81
147,174,64
122,147,59
94,85,70
253,254,246
255,253,254
143,170,72
81,86,42
195,109,58
44,45,33
159,171,64
122,145,69
135,162,63
104,118,60
66,53,36
254,252,254
125,145,61
112,134,62
254,254,253
128,152,64
115,139,56
122,144,61
114,130,67
133,154,59
145,175,67
230,211,178
107,132,63
107,130,57
178,174,79
210,199,60
67,81,40
55,71,34
122,136,56
60,54,40
126,142,81
108,116,57
82,74,51
107,121,63
109,137,54
98,116,55
206,194,56
193,184,59
109,134,53
123,136,58
254,254,254
254,254,254
131,161,75
130,159,66
118,133,77
97,116,51
156,174,64
131,154,68
149,166,68
139,163,60
254,254,254
146,168,71
116,102,76
118,137,57
80,84,38
248,254,250
68,59,46
253,252,253
226,200,52
98,118,57
147,176,68
117,136,56
135,159,74
57,67,26
120,149,53
122,136,65
255,254,254
253,253,252
111,132,63
98,109,47
126,142,67
122,154,64
255,254,254
255,254,255
115,135,55
186,188,70
188,172,45
192,194,57
136,148,73
255,254,255
170,154,68
169,181,71
139,167,65
255,254,255
91,77,50
85,86,42
255,255,254
135,152,68
91,91,51
255,255,254
130,152,66
254,254,254
149,178,63
125,145,52
196,186,67
164,172,75
102,120,57
253,254,253
146,177,69
110,101,72
124,148,55
252,252,251
154,167,67
156,183,76
97,83,42
132,161,67
78,80,39
252,252,253
141,173,71
159,166,66
106,130,57
112,134,62
92,107,56
124,149,70
243,219,67
158,143,117
139,160,65
104,121,47
181,53,37
136,157,66
132,158,62
138,163,67
254,254,254
171,165,44
138,166,70
66,55,42
255,255,254
144,160,74
115,103,75
165,189,105
175,174,60
65,66,49
255,254,247
112,132,62
150,178,71
253,254,253
137,167,66
253,253,252
106,125,51
253,252,253
143,168,68
254,254,254
102,121,59
119,149,61
88,79,59
116,146,70
112,140,57
159,172,107
122,151,67
255,253,255
253,252,254
93,82,64
147,50,21
129,122,59
126,128,60
254,254,252
116,112,85
254,254,254
132,157,63
144,175,66
126,140,72
97,118,52
124,151,59
127,152,63
137,162,58
106,47,34
145,173,67
119,137,60
255,254,254
217,202,66
89,104,47
254,253,253
119,142,62
113,112,106
107,141,67
118,136,47
160,168,127
129,153,58
148,150,77
76,83,44
73,75,57
172,171,59
126,139,58
253,251,254
126,147,52
125,148,61
116,146,70
115,139,52
111,130,60
101,120,53
126,151,60
134,164,64
117,139,54
137,143,59
115,143,58
134,157,54
110,129,49
107,95,75
189,186,60
248,251,222
117,145,61
124,146,66
253,253,252
255,255,252
253,253,253
144,130,106
254,254,246
254,254,252
143,182,116
138,164,62
41,44,31
104,126,54
253,253,250
153,178,71
158,170,111
121,132,66
250,252,254
147,166,72
123,154,78
156,185,72
118,136,63
149,171,66
144,140,60
251,254,254
133,160,66
118,142,68
109,123,66
253,253,250
146,178,68
129,154,62
214,203,54
73,74,50
122,143,62
162,187,69
108,124,68
98,115,46
106,121,55
128,128,63
144,164,65
110,132,60
133,160,62
255,252,252
123,144,64
71,77,40
163,180,63
142,169,65
231,233,225
252,252,252
83,96,45
125,145,69
163,168,58
95,91,59
254,255,254
244,216,62
123,148,58
251,253,252
127,150,66
136,162,59
135,166,63
255,254,254
121,150,58
94,110,58
144,151,75
143,169,64
188,175,62
125,132,64
126,138,77
112,130,60
103,123,56
54,55,39
199,193,56
142,171,63
202,203,63
236,206,60
253,254,253
111,138,66
125,145,63
138,170,63
129,150,68
132,156,65
152,181,70
125,146,67
122,149,57
155,149,126
145,161,76
112,137,58
94,95,88
134,158,62
205,204,58
68,83,34
164,164,62
145,161,71
254,253,249
202,194,62
254,253,254
131,154,70
120,143,63
253,251,250
154,175,58
253,253,252
121,129,61
129,146,59
175,192,59
255,254,255
104,128,46
255,254,255
113,134,59
82,91,48
153,165,66
115,136,59
253,253,254
142,122,62
73,82,36
140,165,63
255,254,254
255,254,253
126,149,85
160,177,68
163,177,54
174,180,132
178,183,63
130,148,64
100,116,49
104,121,57
141,160,63
145,179,66
145,172,68
202,197,54
120,110,92
174,171,51
111,144,55
141,161,69
118,136,64
114,130,62
225,228,219
255,254,255
96,103,60
72,74,46
111,127,63
157,184,69
45,48,34
133,159,64
86,98,42
87,108,46
114,130,67
129,153,66
169,176,82
253,253,251
124,148,63
145,174,68
109,128,59
181,185,79
114,143,62
162,165,66
255,255,254
154,184,67
116,135,61
144,174,65
43,43,32
254,254,253
171,153,142
86,96,44
254,253,252
132,134,58
117,140,60
153,180,68
45,47,29
86,79,54
110,127,56
138,161,64
124,149,67
54,49,30
166,172,57
140,168,66
45,43,24
124,150,53
132,155,63
163,184,86
65,76,35
255,255,252
147,178,68
104,120,61
114,136,58
101,115,41
120,106,83
147,173,63
132,159,62
199,188,61
146,159,63
146,179,66
118,148,64
142,169,62
149,177,70
56,53,35
136,166,66
148,176,68
121,145,59
124,151,58
122,140,67
158,183,91
161,171,58
88,109,42
250,244,248
247,247,239
131,157,61
252,254,253
74,81,50
141,165,70
114,136,52
129,153,65
116,141,62
252,253,243
146,165,69
60,54,38
121,152,78
112,132,59
122,142,61
126,149,60
117,129,66
119,140,65
119,139,68
114,130,56
134,155,65
155,182,89
98,121,45
252,253,244
94,110,54
146,164,62
239,239,238
253,253,253
227,209,65
145,180,63
129,156,60
255,255,254
126,145,70
144,153,49
132,144,66
137,167,66
174,183,58
148,53,32
160,191,77
243,243,242
104,122,49
142,168,67
116,99,72
149,162,76
141,150,100
97,118,50
162,186,112
126,148,58
142,161,72
255,254,254
155,184,67
111,132,66
119,142,57
152,141,114
254,255,254
252,253,247
129,158,62
55,48,33
113,110,39
